Workbook

Sheet Variable_List
B2: Variable | C2: Description | D2: Unit | E2: Comment
B3: Primary Production | C3: Domestic primary production of resources | D3: PJ/yr.
B4: Imports | C4: Imports of energy carriers | D4: PJ/yr.
B5: Exports | C5: Exports of energy carriers | D5: PJ/yr.
B6: Electricity generation | C6: Domestic electricity generation | D6: PJ/yr.
B7: Heat generation from CHPs and heat plants | C7: Domestic heat production from CHPs (District heating CHPs or onsite CHPs) and heat plants | D7: PJ/yr.
B8: Fuel input for electricity generation | C8: Fuel input allocated to domestic electricity generation only | D8: PJ/yr.
B9: Fuel input for heat generation from CHPs and heat plants | C9: Fuel input allocated to domestic heat production from CHPs and heat plants only | D9: PJ/yr.
B10: Efficiency of power plants (electric) | C10: Average annual efficiency of power plants and CHPs for electricity production only | D10: % | E10: The thermal efficiency of CHPs can be inferred from the Heat to Electricity production ratio, but it can also be provided; the average efficiency differs from the technical efficiency as it includes efficiency losses due to part load operation
B11: Efficiency of heat plants (thermal) | C11: Average annual efficiency of heat plants | D11: % | E11: It is the annual marketed efficiency including part load efficiency losses and differs from the full load nominal technical efficiency; for heat pumps refers to COP
B12: Domestic biodiesel production | C12: Domestic production of biodiesel | D12: PJ/yr.
B13: Heat from domestic biodiesel production | C13: Heat produced as byproduct from biodiesel production and fed into the district heating network | D13: PJ/yr.
B14: Fuel input for domestic biodiesel production | C14: Fuel input for the domestic production of biodiesel | D14: PJ/yr.
B15: Efficiency for domestic biodiesel production | C15: Average annual efficiency for biodiesel and heat production | D15: %
B16: Domestic ethanol production | C16: Domestic production of ethanol | D16: PJ/yr.
B17: Fuel input for domestic ethanol production | C17: Fuel input for the domestic production of ethanol | D17: PJ/yr.
B18: Efficiency for domestic ethanol production | C18: Average annual efficiency for domestic production of ethanol | D18: %
B19: Domestic biogas production | C19: Domestic production of biogas and biogenic syngas | D19: PJ/yr.
B20: Electricity from domestic biogas production | C20: Electriicty produced as byproduct from biogas production and fed into the grid | D20: PJ/yr.
B21: Heat from domestic biogas production | C21: Heat produced as byproduct from biogas production and fed into the district heating network | D21: PJ/yr.
B22: Fuel input for domestic biogas production | C22: Fuel input for domestic biogas production | D22: PJ/yr.
B23: Efficiency for domestic biogas production | C23: Average annual efficiency for biogas production (accounting for byproduct production) | D23: %
... B25: Fuel input for hydrogen production | C25: Fuel input for deomstic hydrogen production | D25: PJ/yr.
B26: Efficiency for hydrogen production | C26: Average annual efficiency for hydrogen production | D26: % | E26: Including losses due to part load operation
B27: Biomethane production from biogas upgrade | C27: Production of domestic biomethane from biogas | D27: PJ/yr. | E27: One technology only fuel output is biomethane
B28: Fuel input for biogas upgrade to biomethane | C28: Use of biogas for upgrade to biomethane | D28: PJ/yr. | E28: One technology only fuel input is biogas
B29: Efficiency for biomethane production from biogas upgrade | C29: Average annual efficiency of biogas to biomethane upgrade | D29: PJ/yr. | E29: One technology only fuel input is biogas, fuel output is biomethane
B30: Domestic PtG and PtL production | C30: Domestic production of power-to-gas and power-to-liquids | D30: PJ/yr.
B31: Fuel input for domestic PtG and PtL production | C31: Fuel used for domestic PtG and PtL production (excl. CO2) | D31: PJ/yr.
B32: Efficiency for domestic PtG and PtL production | C32: Average annual efficiency for PtG and PtL processes (excl. CO2 consumption) | D32: %
B33: CO2 input for domestic PtG and PtL production | C33: CO2 input for domestic PtG and PtL production | D33: Mt/yr. | E33: The distinction of the source of CO2 (biogenic or fossil) is also provided and can be proportionally allocated to the technologies for PtG and PtL
B34: Domestic wood to pellet production | C34: Wood conversion to pellet domestic production output | D34: PJ/yr. | E34: One technology only , input is wood output is pellet
B35: Fuel input for wood to pellet production | C35: Wood conversion to pellet domestic production - input wood required | D35: PJ/yr. | E35: One technology only , input is wood output is pellet
B36: Efficiency for wood to pellet production | C36: Average annual efficiency of wood to pellet conversion | D36: %
B37: Fuel consumption in industry sectors | C37: Fuel consumption in industry by fuel and technology | D37: PJ/yr. | E37: This unfortunately it will change when the new industrial sectors will be integrated into STEM
B38: Process and space heating production in industry sectors | C38: Energy service demand provided in the form of process and space heating in industry | D38: PJ/yr. | E38: This unfortunately it will change when the new industrial sectors will be integrated into STEM
B39: Efficiency in industry sectors | C39: Boilers efficiency and COP of heat pumps in the industrial sectors | D39: % | E39: This unfortunately it will change when the new industrial sectors will be integrated into STEM
B40: Fuel consumption in Services sectors | C40: Fuel consumption in services sectors by fuel and technology | D40: PJ/yr.
B41: Space water and process heat production in Services sectors | C41: Production of energy service demand for space, water and process heat in Services sectors | D41: PJ/yr.
B42: Efficiency in Services sectors | C42: Boilers efficiency and COP of heat pumps in the Services sectors | D42: %
B43: Fuel consumption in Residential sector | C43: Fuel consumption for residential space and water heating (differentiated) by fuel and technology | D43: PJ/yr.
B44: Space and water heat production in Residential sector | C44: Space and water heat production by technology in residential sectors | D44: PJ/yr.
B45: Efficiency in Residential sector | C45: Average annual efficiency of residential boilers including part load lossess | D45: %
B46: Fuel consumption in cars | C46: Fuel consumption in cars | D46: PJ/yr. | E46: The alternative fuels consumption is provided for totals but it can be proportionally allocated to cars
B47: Cars mileage | C47: Annual km driven by cars per car type and fuel | D47: billion km/yr.
B48: Cars efficiency | C48: Average annual efficiency across all the stock of the same car type | D48: km/MJ | E48: Some extreme values are artefacts from the solution (very small numbers close to zero in consumption or mileage or both)
B49: Fuel consumption in urban buses | C49: Fuel consumption in urban buses (not trolleybuses) | D49: PJ/yr.
B50: Urban buses mileage | C50: Annual km driven per urban bus type and fuel | D50: billion km/yr. | E50: Some extreme values are artefacts from the solution (very small numbers close to zero in consumption or mileage or both)
B51: Urban buses efficiency | C51: Average annual efficiency across all the stock of the same urban bus type | D51: km/MJ
B52: Fuel consumption in coaches | C52: Fuel consumption in coaches | D52: PJ/yr.
B53: Coaches mileage | C53: Annual km driven per coach type and fuel | D53: billion km/yr. | E53: Some extreme values are artefacts from the solution (very small numbers close to zero in consumption or mileage or both)
B54: Coaches efficiency | C54: Average annual efficiency across all the stock of the same coach type | D54: km/MJ
B55: Fuel consumption in trolleybuses | C55: Fuel consumption in trolleybuses | D55: PJ/yr.
B56: Trolleybuses mileage | C56: Annual km driven by trolleybus type and fuel | D56: billion km/yr.
B57: Trolleybuses efficiency | C57: Average annual efficiency across all the stock of the same trolleybus type | D57: km/MJ
B58: Fuel consumption in trams | C58: Fuel consumption in trams | D58: PJ/yr.
B59: Trams mileage | C59: Annual km driven by trams and fuel | D59: billion km/yr.
B60: Trams efficiency | C60: Average annual efficiency across all the stock of the same tram type | D60: km/MJ
B61: Fuel consumption in motorised two wheelers | C61: Fuel consumption in two wheelers by fuel and size | D61: PJ/yr.
B62: Motorised two wheelers mileage | C62: Annual km driven by type and fuel | D62: billion km/yr.
B63: Motorised two wheelers efficiency | C63: Average annual efficiency across all the stock of the same two wheelers type | D63: km/MJ
B64: Fuel consumption in light duty vehicles | C64: Fuel consumption in light duty vehicles by fuel and size | D64: PJ/yr.
B65: Light duty vehicles mileage | C65: Annual km driven by type and fuel | D65: billion km/yr.
... B90: Urban buses stock additions | C90: New urban buses registrations - the number in a year is cummulative registrations for the period represented under this year | D90: Million
B91: Coaches stock additions | C91: New coaches registrations - the number in a year is cummulative registrations for the period represented under this year
B92: Light duty vehicles stock additions | C92: New light duty vehicle registrations - the number in a year is cummulative registrations for the period represented under this year
B93: Heavy duty vehicles stock additions | C93: New heavy duty vehicle registrations - the number in a year is cummulative registrations for the period represented under this year
B94: Space and water heat boiler capacity additions in Residential sector | C94: Newly installed capacity - the capacity additions are reported for the whole period represented under the milestone year | D94: GWth/yr.
B95: Process and space heating capacity additions in industry sectors | C95: Newly installed capacity - the capacity additions are reported for the whole period represented under the milestone year | D95: GWth/yr.
B96: Space water and process heat boiler capacity additions in Services sectors | C96: Newly installed capacity - the capacity additions are reported for the whole period represented under the milestone year | D96: GWth/yr.
B97: Domestic hydrogen production capacity additions | C97: Newly installed capacity - the capacity additions are reported for the whole period represented under the milestone year | D97: GW-H2/yr.
B98: Other fuel synthesis capacity additions | C98: Newly installed capacity - the capacity additions are reported for the whole period represented under the milestone year | D98: GW-output/yr.

Sheet SPS1
A1: Model | B1: Scenario | C1: Region | D1: Variable | E1: Unit | F1: 2020 | G1: 2022 | H1: 2025 | I1: 2030 | J1: 2035 | K1: 2040 | L1: 2045 | M1: 2050 | N1: 2055 | O1: 2060 | P1: 2065 | Q1: 2070
A2: STEM | B2: SPS1 | C2: CH | D2: Primary Production | E2: PJ/yr. | F2: =F3+F8+F11+F12+F16+F17+F18+F19 -> 299.98379 | G2: =G3+G8+G11+G12+G16+G17+G18+G19 -> 295.49195 | H2: =H3+H8+H11+H12+H16+H17+H18+H19 -> 331.44694 | I2: =I3+I8+I11+I12+I16+I17+I18+I19 -> 365.47345 | J2: =J3+J8+J11+J12+J16+J17+J18+J19 -> 376.67392 | K2: =K3+K8+K11+K12+K16+K17+K18+K19 -> 382.65095 | L2: =L3+L8+L11+L12+L16+L17+L18+L19 -> 387.50072 | M2: =M3+M8+M11+M12+M16+M17+M18+M19 -> 393.70485 | ... Q2: =Q3+Q8+Q11+Q12+Q16+Q17+Q18+Q19 -> 415.7712
A3: =A2 -> STEM | B3: =B2 -> SPS1 | C3: =C2 -> CH | D3: Primary Production|Wood | E3: PJ/yr. | F3: =SUM(F4:F7) -> 44.972403 | G3: =SUM(G4:G7) -> 48.190468 | H3: =SUM(H4:H7) -> 48.190469 | I3: =SUM(I4:I7) -> 48.19054 | J3: =SUM(J4:J7) -> 48.190996 | K3: =SUM(K4:K7) -> 48.190998 | L3: =SUM(L4:L7) -> 48.191 | M3: =SUM(M4:M7) -> 48.191003 | ... Q3: =SUM(Q4:Q7) -> 48.191049
A4: =A3 -> STEM | B4: =B3 -> SPS1 | C4: =C3 -> CH | D4: Primary Production|Wood|Waste wood | E4: PJ/yr. | F4: {=SUMPRODUCT(("RNWWOD1"=[1]OUT_PrimaryEnergyCons!$A$1:$A$1000)*1,[1]OUT_PrimaryEnergyCons!D$1:D$1000)} -> 11.111874 | G4: {=SUMPRODUCT(("RNWWOD1"=[1]OUT_PrimaryEnergyCons!$A$1:$A$1000)*1,[1]OUT_PrimaryEnergyCons!E$1:E$1000)} -> 11.952883 | H4: {=SUMPRODUCT(("RNWWOD1"=[1]OUT_PrimaryEnergyCons!$A$1:$A$1000)*1,[1]OUT_PrimaryEnergyCons!F$1:F$1000)} -> 13.214392 | I4: {=SUMPRODUCT(("RNWWOD1"=[1]OUT_PrimaryEnergyCons!$A$1:$A$1000)*1,[1]OUT_PrimaryEnergyCons!G$1:G$1000)} -> 15.31691 | J4: {=SUMPRODUCT(("RNWWOD1"=[1]OUT_PrimaryEnergyCons!$A$1:$A$1000)*1,[1]OUT_PrimaryEnergyCons!H$1:H$1000)} -> 15.849138 | K4: {=SUMPRODUCT(("RNWWOD1"=[1]OUT_PrimaryEnergyCons!$A$1:$A$1000)*1,[1]OUT_PrimaryEnergyCons!I$1:I$1000)} -> 16.266395 | L4: {=SUMPRODUCT(("RNWWOD1"=[1]OUT_PrimaryEnergyCons!$A$1:$A$1000)*1,[1]OUT_PrimaryEnergyCons!J$1:J$1000)} -> 16.611694 | M4: {=SUMPRODUCT(("RNWWOD1"=[1]OUT_PrimaryEnergyCons!$A$1:$A$1000)*1,[1]OUT_PrimaryEnergyCons!K$1:K$1000)} -> 16.956991 | ... Q4: {=SUMPRODUCT(("RNWWOD1"=[1]OUT_PrimaryEnergyCons!$A$1:$A$1000)*1,[1]OUT_PrimaryEnergyCons!O$1:O$1000)} -> 17.192059
A5: =A4 -> STEM | B5: =B4 -> SPS1 | C5: =C4 -> CH | D5: Primary Production|Wood|Wood residues | E5: PJ/yr. | F5: {=SUMPRODUCT(("RNWWOD2"=[1]OUT_PrimaryEnergyCons!$A$1:$A$1000)*1,[1]OUT_PrimaryEnergyCons!D$1:D$1000)} -> 7.5116673 | G5: {=SUMPRODUCT(("RNWWOD2"=[1]OUT_PrimaryEnergyCons!$A$1:$A$1000)*1,[1]OUT_PrimaryEnergyCons!E$1:E$1000)} -> 7.5431406 | H5: {=SUMPRODUCT(("RNWWOD2"=[1]OUT_PrimaryEnergyCons!$A$1:$A$1000)*1,[1]OUT_PrimaryEnergyCons!F$1:F$1000)} -> 7.5903468 | I5: {=SUMPRODUCT(("RNWWOD2"=[1]OUT_PrimaryEnergyCons!$A$1:$A$1000)*1,[1]OUT_PrimaryEnergyCons!G$1:G$1000)} -> 7.6690265 | J5: {=SUMPRODUCT(("RNWWOD2"=[1]OUT_PrimaryEnergyCons!$A$1:$A$1000)*1,[1]OUT_PrimaryEnergyCons!H$1:H$1000)} -> 7.6690253 | K5: {=SUMPRODUCT(("RNWWOD2"=[1]OUT_PrimaryEnergyCons!$A$1:$A$1000)*1,[1]OUT_PrimaryEnergyCons!I$1:I$1000)} -> 7.6690255 | L5: {=SUMPRODUCT(("RNWWOD2"=[1]OUT_PrimaryEnergyCons!$A$1:$A$1000)*1,[1]OUT_PrimaryEnergyCons!J$1:J$1000)} -> 7.6690256 | M5: {=SUMPRODUCT(("RNWWOD2"=[1]OUT_PrimaryEnergyCons!$A$1:$A$1000)*1,[1]OUT_PrimaryEnergyCons!K$1:K$1000)} -> 7.6690238 | ... Q5: {=SUMPRODUCT(("RNWWOD2"=[1]OUT_PrimaryEnergyCons!$A$1:$A$1000)*1,[1]OUT_PrimaryEnergyCons!O$1:O$1000)} -> 7.6690222
A6: =A5 -> STEM | B6: =B5 -> SPS1 | C6: =C5 -> CH | D6: Primary Production|Wood|Wood from landscape maintenance | E6: PJ/yr. | F6: {=SUMPRODUCT(("RNWWOD3"=[1]OUT_PrimaryEnergyCons!$A$1:$A$1000)*1,[1]OUT_PrimaryEnergyCons!D$1:D$1000)} -> 3.1682411 | G6: {=SUMPRODUCT(("RNWWOD3"=[1]OUT_PrimaryEnergyCons!$A$1:$A$1000)*1,[1]OUT_PrimaryEnergyCons!E$1:E$1000)} -> 3.4956719 | H6: {=SUMPRODUCT(("RNWWOD3"=[1]OUT_PrimaryEnergyCons!$A$1:$A$1000)*1,[1]OUT_PrimaryEnergyCons!F$1:F$1000)} -> 3.9868133 | I6: {=SUMPRODUCT(("RNWWOD3"=[1]OUT_PrimaryEnergyCons!$A$1:$A$1000)*1,[1]OUT_PrimaryEnergyCons!G$1:G$1000)} -> 4.8053859 | J6: {=SUMPRODUCT(("RNWWOD3"=[1]OUT_PrimaryEnergyCons!$A$1:$A$1000)*1,[1]OUT_PrimaryEnergyCons!H$1:H$1000)} -> 4.8053842 | K6: {=SUMPRODUCT(("RNWWOD3"=[1]OUT_PrimaryEnergyCons!$A$1:$A$1000)*1,[1]OUT_PrimaryEnergyCons!I$1:I$1000)} -> 4.8053844 | L6: {=SUMPRODUCT(("RNWWOD3"=[1]OUT_PrimaryEnergyCons!$A$1:$A$1000)*1,[1]OUT_PrimaryEnergyCons!J$1:J$1000)} -> 4.8053846 | M6: {=SUMPRODUCT(("RNWWOD3"=[1]OUT_PrimaryEnergyCons!$A$1:$A$1000)*1,[1]OUT_PrimaryEnergyCons!K$1:K$1000)} -> 4.805382 | ... Q6: {=SUMPRODUCT(("RNWWOD3"=[1]OUT_PrimaryEnergyCons!$A$1:$A$1000)*1,[1]OUT_PrimaryEnergyCons!O$1:O$1000)} -> 4.8053799
A7: =A6 -> STEM | B7: =B6 -> SPS1 | C7: =C6 -> CH | D7: Primary Production|Wood|Wood from Forest (hard wood) | E7: PJ/yr. | F7: {=SUMPRODUCT(("RNWWOD4"=[1]OUT_PrimaryEnergyCons!$A$1:$A$1000)*1+("RNWWOD5"=[1]OUT_PrimaryEnergyCons!$A$1:$A$1000)*1,[1]OUT_PrimaryEnergyCons!D$1:D$1000)} -> 23.18062 | G7: {=SUMPRODUCT(("RNWWOD4"=[1]OUT_PrimaryEnergyCons!$A$1:$A$1000)*1+("RNWWOD5"=[1]OUT_PrimaryEnergyCons!$A$1:$A$1000)*1,[1]OUT_PrimaryEnergyCons!E$1:E$1000)} -> 25.198772 | H7: {=SUMPRODUCT(("RNWWOD4"=[1]OUT_PrimaryEnergyCons!$A$1:$A$1000)*1+("RNWWOD5"=[1]OUT_PrimaryEnergyCons!$A$1:$A$1000)*1,[1]OUT_PrimaryEnergyCons!F$1:F$1000)} -> 23.398917 | I7: {=SUMPRODUCT(("RNWWOD4"=[1]OUT_PrimaryEnergyCons!$A$1:$A$1000)*1+("RNWWOD5"=[1]OUT_PrimaryEnergyCons!$A$1:$A$1000)*1,[1]OUT_PrimaryEnergyCons!G$1:G$1000)} -> 20.399218 | J7: {=SUMPRODUCT(("RNWWOD4"=[1]OUT_PrimaryEnergyCons!$A$1:$A$1000)*1+("RNWWOD5"=[1]OUT_PrimaryEnergyCons!$A$1:$A$1000)*1,[1]OUT_PrimaryEnergyCons!H$1:H$1000)} -> 19.867448 | K7: {=SUMPRODUCT(("RNWWOD4"=[1]OUT_PrimaryEnergyCons!$A$1:$A$1000)*1+("RNWWOD5"=[1]OUT_PrimaryEnergyCons!$A$1:$A$1000)*1,[1]OUT_PrimaryEnergyCons!I$1:I$1000)} -> 19.450193 | L7: {=SUMPRODUCT(("RNWWOD4"=[1]OUT_PrimaryEnergyCons!$A$1:$A$1000)*1+("RNWWOD5"=[1]OUT_PrimaryEnergyCons!$A$1:$A$1000)*1,[1]OUT_PrimaryEnergyCons!J$1:J$1000)} -> 19.104895 | M7: {=SUMPRODUCT(("RNWWOD4"=[1]OUT_PrimaryEnergyCons!$A$1:$A$1000)*1+("RNWWOD5"=[1]OUT_PrimaryEnergyCons!$A$1:$A$1000)*1,[1]OUT_PrimaryEnergyCons!K$1:K$1000)} -> 18.759606 | ... Q7: {=SUMPRODUCT(("RNWWOD4"=[1]OUT_PrimaryEnergyCons!$A$1:$A$1000)*1+("RNWWOD5"=[1]OUT_PrimaryEnergyCons!$A$1:$A$1000)*1,[1]OUT_PrimaryEnergyCons!O$1:O$1000)} -> 18.524587
A8: =A7 -> STEM | B8: =B7 -> SPS1 | C8: =C7 -> CH | D8: Primary Production|Waste | E8: PJ/yr. | F8: =SUM(F9:F10) -> 69.829366 | G8: =SUM(G9:G10) -> 69.881741 | H8: =SUM(H9:H10) -> 69.488904 | I8: =SUM(I9:I10) -> 69.039323 | J8: =SUM(J9:J10) -> 68.937026 | K8: =SUM(K9:K10) -> 69.158804 | L8: =SUM(L9:L10) -> 69.38067 | M8: =SUM(M9:M10) -> 69.602628 | ... Q8: =SUM(Q9:Q10) -> 69.602689
A9: =A8 -> STEM | B9: =B8 -> SPS1 | C9: =C8 -> CH | D9: Primary Production|Waste|Non renewable waste | E9: PJ/yr. | F9: {=SUMPRODUCT(("RNNWWST1"=[1]OUT_PrimaryEnergyCons!$A$1:$A$1000)*1,[1]OUT_PrimaryEnergyCons!D$1:D$1000)} -> 35.830007 | G9: {=SUMPRODUCT(("RNNWWST1"=[1]OUT_PrimaryEnergyCons!$A$1:$A$1000)*1,[1]OUT_PrimaryEnergyCons!E$1:E$1000)} -> 35.882383 | H9: {=SUMPRODUCT(("RNNWWST1"=[1]OUT_PrimaryEnergyCons!$A$1:$A$1000)*1,[1]OUT_PrimaryEnergyCons!F$1:F$1000)} -> 35.489461 | I9: {=SUMPRODUCT(("RNNWWST1"=[1]OUT_PrimaryEnergyCons!$A$1:$A$1000)*1,[1]OUT_PrimaryEnergyCons!G$1:G$1000)} -> 35.039968 | J9: {=SUMPRODUCT(("RNNWWST1"=[1]OUT_PrimaryEnergyCons!$A$1:$A$1000)*1,[1]OUT_PrimaryEnergyCons!H$1:H$1000)} -> 34.937586 | K9: {=SUMPRODUCT(("RNNWWST1"=[1]OUT_PrimaryEnergyCons!$A$1:$A$1000)*1,[1]OUT_PrimaryEnergyCons!I$1:I$1000)} -> 35.159449 | L9: {=SUMPRODUCT(("RNNWWST1"=[1]OUT_PrimaryEnergyCons!$A$1:$A$1000)*1,[1]OUT_PrimaryEnergyCons!J$1:J$1000)} -> 35.381314 | M9: {=SUMPRODUCT(("RNNWWST1"=[1]OUT_PrimaryEnergyCons!$A$1:$A$1000)*1,[1]OUT_PrimaryEnergyCons!K$1:K$1000)} -> 35.603181 | ... Q9: {=SUMPRODUCT(("RNNWWST1"=[1]OUT_PrimaryEnergyCons!$A$1:$A$1000)*1,[1]OUT_PrimaryEnergyCons!O$1:O$1000)} -> 35.603184
A10: =A9 -> STEM | B10: =B9 -> SPS1 | C10: =C9 -> CH | D10: Primary Production|Waste|Renewable waste | E10: PJ/yr. | F10: {=SUMPRODUCT(("RNWWST1"=[1]OUT_PrimaryEnergyCons!$A$1:$A$1000)*1,[1]OUT_PrimaryEnergyCons!D$1:D$1000)} -> 33.999359 | G10: {=SUMPRODUCT(("RNWWST1"=[1]OUT_PrimaryEnergyCons!$A$1:$A$1000)*1,[1]OUT_PrimaryEnergyCons!E$1:E$1000)} -> 33.999358 | H10: {=SUMPRODUCT(("RNWWST1"=[1]OUT_PrimaryEnergyCons!$A$1:$A$1000)*1,[1]OUT_PrimaryEnergyCons!F$1:F$1000)} -> 33.999443 | I10: {=SUMPRODUCT(("RNWWST1"=[1]OUT_PrimaryEnergyCons!$A$1:$A$1000)*1,[1]OUT_PrimaryEnergyCons!G$1:G$1000)} -> 33.999355 | J10: {=SUMPRODUCT(("RNWWST1"=[1]OUT_PrimaryEnergyCons!$A$1:$A$1000)*1,[1]OUT_PrimaryEnergyCons!H$1:H$1000)} -> 33.99944 | K10: {=SUMPRODUCT(("RNWWST1"=[1]OUT_PrimaryEnergyCons!$A$1:$A$1000)*1,[1]OUT_PrimaryEnergyCons!I$1:I$1000)} -> 33.999354 | L10: {=SUMPRODUCT(("RNWWST1"=[1]OUT_PrimaryEnergyCons!$A$1:$A$1000)*1,[1]OUT_PrimaryEnergyCons!J$1:J$1000)} -> 33.999356 | M10: {=SUMPRODUCT(("RNWWST1"=[1]OUT_PrimaryEnergyCons!$A$1:$A$1000)*1,[1]OUT_PrimaryEnergyCons!K$1:K$1000)} -> 33.999446 | ... Q10: {=SUMPRODUCT(("RNWWST1"=[1]OUT_PrimaryEnergyCons!$A$1:$A$1000)*1,[1]OUT_PrimaryEnergyCons!O$1:O$1000)} -> 33.999505
A11: =A10 -> STEM | B11: =B10 -> SPS1 | C11: =C10 -> CH | D11: Primary Production|Manure | E11: PJ/yr. | F11: {=SUMPRODUCT(("mnr"=[1]OUT_PrimaryEnergyCons!$C$1:$C$1000)*1,[1]OUT_PrimaryEnergyCons!D$1:D$1000)} -> 3.798083 | G11: {=SUMPRODUCT(("mnr"=[1]OUT_PrimaryEnergyCons!$C$1:$C$1000)*1,[1]OUT_PrimaryEnergyCons!E$1:E$1000)} -> 12.531647 | H11: {=SUMPRODUCT(("mnr"=[1]OUT_PrimaryEnergyCons!$C$1:$C$1000)*1,[1]OUT_PrimaryEnergyCons!F$1:F$1000)} -> 12.540332 | I11: {=SUMPRODUCT(("mnr"=[1]OUT_PrimaryEnergyCons!$C$1:$C$1000)*1,[1]OUT_PrimaryEnergyCons!G$1:G$1000)} -> 12.540424 | J11: {=SUMPRODUCT(("mnr"=[1]OUT_PrimaryEnergyCons!$C$1:$C$1000)*1,[1]OUT_PrimaryEnergyCons!H$1:H$1000)} -> 12.540426 | K11: {=SUMPRODUCT(("mnr"=[1]OUT_PrimaryEnergyCons!$C$1:$C$1000)*1,[1]OUT_PrimaryEnergyCons!I$1:I$1000)} -> 12.541342 | L11: {=SUMPRODUCT(("mnr"=[1]OUT_PrimaryEnergyCons!$C$1:$C$1000)*1,[1]OUT_PrimaryEnergyCons!J$1:J$1000)} -> 12.541363 | M11: {=SUMPRODUCT(("mnr"=[1]OUT_PrimaryEnergyCons!$C$1:$C$1000)*1,[1]OUT_PrimaryEnergyCons!K$1:K$1000)} -> 12.541388 | ... Q11: {=SUMPRODUCT(("mnr"=[1]OUT_PrimaryEnergyCons!$C$1:$C$1000)*1,[1]OUT_PrimaryEnergyCons!O$1:O$1000)} -> 12.541635
A12: =A11 -> STEM | B12: =B11 -> SPS1 | C12: =C11 -> CH | D12: Primary Production|Hydro | E12: PJ/yr. | F12: =SUM(F13:F15) -> 149.43048 | G12: =SUM(G13:G15) -> 125.60576 | H12: =SUM(H13:H15) -> 141.96163 | I12: =SUM(I13:I15) -> 150.00947 | J12: =SUM(J13:J15) -> 150.0561 | K12: =SUM(K13:K15) -> 150.09411 | L12: =SUM(L13:L15) -> 150.13197 | M12: =SUM(M13:M15) -> 150.17255 | ... Q12: =SUM(Q13:Q15) -> 150.77481
A13: =A12 -> STEM | B13: =B12 -> SPS1 | C13: =C12 -> CH | D13: Primary Production|Hydro|Large hydro | E13: PJ/yr. | F13: {=SUMPRODUCT(ISNUMBER(SEARCH("EHYD-DAM",[1]OUT_Electricity_CHP!$B$1:$B$10000))*1,([1]OUT_Electricity_CHP!$C$1:$C$10000="Var_Fout")*1,ISNUMBER(SEARCH("ELC",[1]OUT_Electricity_CHP!$D$1:$D$10000))*1,[1]OUT_Electricity_CHP!E$1:E$10000)} -> 66.74568 | G13: {=SUMPRODUCT(ISNUMBER(SEARCH("EHYD-DAM",[1]OUT_Electricity_CHP!$B$1:$B$10000))*1,([1]OUT_Electricity_CHP!$C$1:$C$10000="Var_Fout")*1,ISNUMBER(SEARCH("ELC",[1]OUT_Electricity_CHP!$D$1:$D$10000))*1,[1]OUT_Electricity_CHP!F$1:F$10000)} -> 49.798809 | H13: {=SUMPRODUCT(ISNUMBER(SEARCH("EHYD-DAM",[1]OUT_Electricity_CHP!$B$1:$B$10000))*1,([1]OUT_Electricity_CHP!$C$1:$C$10000="Var_Fout")*1,ISNUMBER(SEARCH("ELC",[1]OUT_Electricity_CHP!$D$1:$D$10000))*1,[1]OUT_Electricity_CHP!G$1:G$10000)} -> 68.535331 | I13: {=SUMPRODUCT(ISNUMBER(SEARCH("EHYD-DAM",[1]OUT_Electricity_CHP!$B$1:$B$10000))*1,([1]OUT_Electricity_CHP!$C$1:$C$10000="Var_Fout")*1,ISNUMBER(SEARCH("ELC",[1]OUT_Electricity_CHP!$D$1:$D$10000))*1,[1]OUT_Electricity_CHP!H$1:H$10000)} -> 69.618852 | J13: {=SUMPRODUCT(ISNUMBER(SEARCH("EHYD-DAM",[1]OUT_Electricity_CHP!$B$1:$B$10000))*1,([1]OUT_Electricity_CHP!$C$1:$C$10000="Var_Fout")*1,ISNUMBER(SEARCH("ELC",[1]OUT_Electricity_CHP!$D$1:$D$10000))*1,[1]OUT_Electricity_CHP!I$1:I$10000)} -> 70.703295 | K13: {=SUMPRODUCT(ISNUMBER(SEARCH("EHYD-DAM",[1]OUT_Electricity_CHP!$B$1:$B$10000))*1,([1]OUT_Electricity_CHP!$C$1:$C$10000="Var_Fout")*1,ISNUMBER(SEARCH("ELC",[1]OUT_Electricity_CHP!$D$1:$D$10000))*1,[1]OUT_Electricity_CHP!J$1:J$10000)} -> 71.78804 | L13: {=SUMPRODUCT(ISNUMBER(SEARCH("EHYD-DAM",[1]OUT_Electricity_CHP!$B$1:$B$10000))*1,([1]OUT_Electricity_CHP!$C$1:$C$10000="Var_Fout")*1,ISNUMBER(SEARCH("ELC",[1]OUT_Electricity_CHP!$D$1:$D$10000))*1,[1]OUT_Electricity_CHP!K$1:K$10000)} -> 72.872456 | M13: {=SUMPRODUCT(ISNUMBER(SEARCH("EHYD-DAM",[1]OUT_Electricity_CHP!$B$1:$B$10000))*1,([1]OUT_Electricity_CHP!$C$1:$C$10000="Var_Fout")*1,ISNUMBER(SEARCH("ELC",[1]OUT_Electricity_CHP!$D$1:$D$10000))*1,[1]OUT_Electricity_CHP!L$1:L$10000)} -> 73.957468 | ... Q13: {=SUMPRODUCT(ISNUMBER(SEARCH("EHYD-DAM",[1]OUT_Electricity_CHP!$B$1:$B$10000))*1,([1]OUT_Electricity_CHP!$C$1:$C$10000="Var_Fout")*1,ISNUMBER(SEARCH("ELC",[1]OUT_Electricity_CHP!$D$1:$D$10000))*1,[1]OUT_Electricity_CHP!P$1:P$10000)} -> 73.957069
A14: =A13 -> STEM | B14: =B13 -> SPS1 | C14: =C13 -> CH | D14: Primary Production|Hydro|Run-of-river hydro | E14: PJ/yr. | F14: {=SUMPRODUCT(ISNUMBER(SEARCH("EHYD-RUN",[1]OUT_Electricity_CHP!$B$1:$B$10000))*1,([1]OUT_Electricity_CHP!$C$1:$C$10000="Var_Fout")*1,ISNUMBER(SEARCH("ELC",[1]OUT_Electricity_CHP!$D$1:$D$10000))*1,[1]OUT_Electricity_CHP!E$1:E$10000)} -> 66.6324 | G14: {=SUMPRODUCT(ISNUMBER(SEARCH("EHYD-RUN",[1]OUT_Electricity_CHP!$B$1:$B$10000))*1,([1]OUT_Electricity_CHP!$C$1:$C$10000="Var_Fout")*1,ISNUMBER(SEARCH("ELC",[1]OUT_Electricity_CHP!$D$1:$D$10000))*1,[1]OUT_Electricity_CHP!F$1:F$10000)} -> 55.76401 | H14: {=SUMPRODUCT(ISNUMBER(SEARCH("EHYD-RUN",[1]OUT_Electricity_CHP!$B$1:$B$10000))*1,([1]OUT_Electricity_CHP!$C$1:$C$10000="Var_Fout")*1,ISNUMBER(SEARCH("ELC",[1]OUT_Electricity_CHP!$D$1:$D$10000))*1,[1]OUT_Electricity_CHP!G$1:G$10000)} -> 65.550673 | I14: {=SUMPRODUCT(ISNUMBER(SEARCH("EHYD-RUN",[1]OUT_Electricity_CHP!$B$1:$B$10000))*1,([1]OUT_Electricity_CHP!$C$1:$C$10000="Var_Fout")*1,ISNUMBER(SEARCH("ELC",[1]OUT_Electricity_CHP!$D$1:$D$10000))*1,[1]OUT_Electricity_CHP!H$1:H$10000)} -> 64.467168 | J14: {=SUMPRODUCT(ISNUMBER(SEARCH("EHYD-RUN",[1]OUT_Electricity_CHP!$B$1:$B$10000))*1,([1]OUT_Electricity_CHP!$C$1:$C$10000="Var_Fout")*1,ISNUMBER(SEARCH("ELC",[1]OUT_Electricity_CHP!$D$1:$D$10000))*1,[1]OUT_Electricity_CHP!I$1:I$10000)} -> 63.382752 | K14: {=SUMPRODUCT(ISNUMBER(SEARCH("EHYD-RUN",[1]OUT_Electricity_CHP!$B$1:$B$10000))*1,([1]OUT_Electricity_CHP!$C$1:$C$10000="Var_Fout")*1,ISNUMBER(SEARCH("ELC",[1]OUT_Electricity_CHP!$D$1:$D$10000))*1,[1]OUT_Electricity_CHP!J$1:J$10000)} -> 62.298008 | L14: {=SUMPRODUCT(ISNUMBER(SEARCH("EHYD-RUN",[1]OUT_Electricity_CHP!$B$1:$B$10000))*1,([1]OUT_Electricity_CHP!$C$1:$C$10000="Var_Fout")*1,ISNUMBER(SEARCH("ELC",[1]OUT_Electricity_CHP!$D$1:$D$10000))*1,[1]OUT_Electricity_CHP!K$1:K$10000)} -> 61.213593 | M14: {=SUMPRODUCT(ISNUMBER(SEARCH("EHYD-RUN",[1]OUT_Electricity_CHP!$B$1:$B$10000))*1,([1]OUT_Electricity_CHP!$C$1:$C$10000="Var_Fout")*1,ISNUMBER(SEARCH("ELC",[1]OUT_Electricity_CHP!$D$1:$D$10000))*1,[1]OUT_Electricity_CHP!L$1:L$10000)} -> 60.128581 | ... Q14: {=SUMPRODUCT(ISNUMBER(SEARCH("EHYD-RUN",[1]OUT_Electricity_CHP!$B$1:$B$10000))*1,([1]OUT_Electricity_CHP!$C$1:$C$10000="Var_Fout")*1,ISNUMBER(SEARCH("ELC",[1]OUT_Electricity_CHP!$D$1:$D$10000))*1,[1]OUT_Electricity_CHP!P$1:P$10000)} -> 60.129
A15: =A14 -> STEM | B15: =B14 -> SPS1 | C15: =C14 -> CH | D15: Primary Production|Hydro|Pump storage | E15: PJ/yr. | F15: {=SUMPRODUCT(ISNUMBER(SEARCH("EHYD-PUM",[1]OUT_Electricity_CHP!$B$1:$B$10000))*1,([1]OUT_Electricity_CHP!$C$1:$C$10000="Var_Fin")*1,ISNUMBER(SEARCH("elc",[1]OUT_Electricity_CHP!$D$1:$D$10000))*1,[1]OUT_Electricity_CHP!E$1:E$10000)} -> 16.052401 | G15: {=SUMPRODUCT(ISNUMBER(SEARCH("EHYD-PUM",[1]OUT_Electricity_CHP!$B$1:$B$10000))*1,([1]OUT_Electricity_CHP!$C$1:$C$10000="Var_Fin")*1,ISNUMBER(SEARCH("elc",[1]OUT_Electricity_CHP!$D$1:$D$10000))*1,[1]OUT_Electricity_CHP!F$1:F$10000)} -> 20.042942 | H15: {=SUMPRODUCT(ISNUMBER(SEARCH("EHYD-PUM",[1]OUT_Electricity_CHP!$B$1:$B$10000))*1,([1]OUT_Electricity_CHP!$C$1:$C$10000="Var_Fin")*1,ISNUMBER(SEARCH("elc",[1]OUT_Electricity_CHP!$D$1:$D$10000))*1,[1]OUT_Electricity_CHP!G$1:G$10000)} -> 7.875622 | I15: {=SUMPRODUCT(ISNUMBER(SEARCH("EHYD-PUM",[1]OUT_Electricity_CHP!$B$1:$B$10000))*1,([1]OUT_Electricity_CHP!$C$1:$C$10000="Var_Fin")*1,ISNUMBER(SEARCH("elc",[1]OUT_Electricity_CHP!$D$1:$D$10000))*1,[1]OUT_Electricity_CHP!H$1:H$10000)} -> 15.923445 | J15: {=SUMPRODUCT(ISNUMBER(SEARCH("EHYD-PUM",[1]OUT_Electricity_CHP!$B$1:$B$10000))*1,([1]OUT_Electricity_CHP!$C$1:$C$10000="Var_Fin")*1,ISNUMBER(SEARCH("elc",[1]OUT_Electricity_CHP!$D$1:$D$10000))*1,[1]OUT_Electricity_CHP!I$1:I$10000)} -> 15.970051 | K15: {=SUMPRODUCT(ISNUMBER(SEARCH("EHYD-PUM",[1]OUT_Electricity_CHP!$B$1:$B$10000))*1,([1]OUT_Electricity_CHP!$C$1:$C$10000="Var_Fin")*1,ISNUMBER(SEARCH("elc",[1]OUT_Electricity_CHP!$D$1:$D$10000))*1,[1]OUT_Electricity_CHP!J$1:J$10000)} -> 16.008058 | L15: {=SUMPRODUCT(ISNUMBER(SEARCH("EHYD-PUM",[1]OUT_Electricity_CHP!$B$1:$B$10000))*1,([1]OUT_Electricity_CHP!$C$1:$C$10000="Var_Fin")*1,ISNUMBER(SEARCH("elc",[1]OUT_Electricity_CHP!$D$1:$D$10000))*1,[1]OUT_Electricity_CHP!K$1:K$10000)} -> 16.045926 | M15: {=SUMPRODUCT(ISNUMBER(SEARCH("EHYD-PUM",[1]OUT_Electricity_CHP!$B$1:$B$10000))*1,([1]OUT_Electricity_CHP!$C$1:$C$10000="Var_Fin")*1,ISNUMBER(SEARCH("elc",[1]OUT_Electricity_CHP!$D$1:$D$10000))*1,[1]OUT_Electricity_CHP!L$1:L$10000)} -> 16.086498 | ... Q15: {=SUMPRODUCT(ISNUMBER(SEARCH("EHYD-PUM",[1]OUT_Electricity_CHP!$B$1:$B$10000))*1,([1]OUT_Electricity_CHP!$C$1:$C$10000="Var_Fin")*1,ISNUMBER(SEARCH("elc",[1]OUT_Electricity_CHP!$D$1:$D$10000))*1,[1]OUT_Electricity_CHP!P$1:P$10000)} -> 16.688738
A16: =A15 -> STEM | B16: =B15 -> SPS1 | C16: =C15 -> CH | D16: Primary Production|Solar | E16: PJ/yr. | F16: {=SUMPRODUCT(ISNUMBER(SEARCH("SOL",[1]OUT_PrimaryEnergyCons!$C$1:$C$1000))*1,[1]OUT_PrimaryEnergyCons!D$1:D$1000)} -> 12.556448 | G16: {=SUMPRODUCT(ISNUMBER(SEARCH("SOL",[1]OUT_PrimaryEnergyCons!$C$1:$C$1000))*1,[1]OUT_PrimaryEnergyCons!E$1:E$1000)} -> 16.522198 | H16: {=SUMPRODUCT(ISNUMBER(SEARCH("SOL",[1]OUT_PrimaryEnergyCons!$C$1:$C$1000))*1,[1]OUT_PrimaryEnergyCons!F$1:F$1000)} -> 32.458996 | I16: {=SUMPRODUCT(ISNUMBER(SEARCH("SOL",[1]OUT_PrimaryEnergyCons!$C$1:$C$1000))*1,[1]OUT_PrimaryEnergyCons!G$1:G$1000)} -> 54.379022 | J16: {=SUMPRODUCT(ISNUMBER(SEARCH("SOL",[1]OUT_PrimaryEnergyCons!$C$1:$C$1000))*1,[1]OUT_PrimaryEnergyCons!H$1:H$1000)} -> 57.311467 | K16: {=SUMPRODUCT(ISNUMBER(SEARCH("SOL",[1]OUT_PrimaryEnergyCons!$C$1:$C$1000))*1,[1]OUT_PrimaryEnergyCons!I$1:I$1000)} -> 59.963837 | L16: {=SUMPRODUCT(ISNUMBER(SEARCH("SOL",[1]OUT_PrimaryEnergyCons!$C$1:$C$1000))*1,[1]OUT_PrimaryEnergyCons!J$1:J$1000)} -> 62.675842 | M16: {=SUMPRODUCT(ISNUMBER(SEARCH("SOL",[1]OUT_PrimaryEnergyCons!$C$1:$C$1000))*1,[1]OUT_PrimaryEnergyCons!K$1:K$1000)} -> 65.425713 | ... Q16: {=SUMPRODUCT(ISNUMBER(SEARCH("SOL",[1]OUT_PrimaryEnergyCons!$C$1:$C$1000))*1,[1]OUT_PrimaryEnergyCons!O$1:O$1000)} -> 78.060877
A17: =A16 -> STEM | B17: =B16 -> SPS1 | C17: =C16 -> CH | D17: Primary Production|Wind | E17: PJ/yr. | F17: {=SUMPRODUCT(ISNUMBER(SEARCH("wnd",[1]OUT_PrimaryEnergyCons!$C$1:$C$1000))*1,[1]OUT_PrimaryEnergyCons!D$1:D$1000)} -> 0.52400509 | G17: {=SUMPRODUCT(ISNUMBER(SEARCH("wnd",[1]OUT_PrimaryEnergyCons!$C$1:$C$1000))*1,[1]OUT_PrimaryEnergyCons!E$1:E$1000)} -> 0.54529604 | H17: {=SUMPRODUCT(ISNUMBER(SEARCH("wnd",[1]OUT_PrimaryEnergyCons!$C$1:$C$1000))*1,[1]OUT_PrimaryEnergyCons!F$1:F$1000)} -> 0.50316911 | I17: {=SUMPRODUCT(ISNUMBER(SEARCH("wnd",[1]OUT_PrimaryEnergyCons!$C$1:$C$1000))*1,[1]OUT_PrimaryEnergyCons!G$1:G$1000)} -> 0.54633238 | J17: {=SUMPRODUCT(ISNUMBER(SEARCH("wnd",[1]OUT_PrimaryEnergyCons!$C$1:$C$1000))*1,[1]OUT_PrimaryEnergyCons!H$1:H$1000)} -> 0.54692006 | K17: {=SUMPRODUCT(ISNUMBER(SEARCH("wnd",[1]OUT_PrimaryEnergyCons!$C$1:$C$1000))*1,[1]OUT_PrimaryEnergyCons!I$1:I$1000)} -> 0.54701718 | L17: {=SUMPRODUCT(ISNUMBER(SEARCH("wnd",[1]OUT_PrimaryEnergyCons!$C$1:$C$1000))*1,[1]OUT_PrimaryEnergyCons!J$1:J$1000)} -> 0.55240939 | M17: {=SUMPRODUCT(ISNUMBER(SEARCH("wnd",[1]OUT_PrimaryEnergyCons!$C$1:$C$1000))*1,[1]OUT_PrimaryEnergyCons!K$1:K$1000)} -> 0.5525237 | ... Q17: {=SUMPRODUCT(ISNUMBER(SEARCH("wnd",[1]OUT_PrimaryEnergyCons!$C$1:$C$1000))*1,[1]OUT_PrimaryEnergyCons!O$1:O$1000)} -> 0.55530369
A18: =A17 -> STEM | B18: =B17 -> SPS1 | C18: =C17 -> CH | D18: Primary Production|Ambient heat | E18: PJ/yr. | F18: =[1]Overview!B$9-F19 -> 18.873007 | G18: =[1]Overview!C$9-G19 -> 22.214843 | H18: =[1]Overview!D$9-H19 -> 26.303443 | I18: =[1]Overview!E$9-I19 -> 30.768344 | J18: =[1]Overview!F$9-J19 -> 39.090984 | K18: =[1]Overview!G$9-K19 -> 42.154583 | L18: =[1]Overview!H$9-L19 -> 43.997846 | M18: =[1]Overview!I$9-M19 -> 47.158587 | ... Q18: =[1]Overview!M$9-Q19 -> 56.044841
A19: =A18 -> STEM | B19: =B18 -> SPS1 | C19: =C18 -> CH | D19: Primary Production|Geothermal | E19: PJ/yr. | F19: =+[1]Overview!B$28 -> 0 | G19: =+[1]Overview!C$28 -> 0 | H19: =+[1]Overview!D$28 -> 0 | I19: =+[1]Overview!E$28 -> 0 | J19: =+[1]Overview!F$28 -> 0 | K19: =+[1]Overview!G$28 -> 0.0002623354 | L19: =+[1]Overview!H$28 -> 0.029612124 | M19: =+[1]Overview!I$28 -> 0.060464531 | ... Q19: =+[1]Overview!M$28 -> 0
A20: =A19 -> STEM | B20: =B19 -> SPS1 | C20: =C19 -> CH | D20: Imports | E20: PJ/yr. | F20: =SUM(F21:F22,F41,F50:F51,F56) -> 779.55394 | G20: =SUM(G21:G22,G41,G50:G51,G56) -> 702.62669 | H20: =SUM(H21:H22,H41,H50:H51,H56) -> 657.4738 | I20: =SUM(I21:I22,I41,I50:I51,I56) -> 613.5139 | J20: =SUM(J21:J22,J41,J50:J51,J56) -> 523.94075 | K20: =SUM(K21:K22,K41,K50:K51,K56) -> 436.22267 | L20: =SUM(L21:L22,L41,L50:L51,L56) -> 330.44045 | M20: =SUM(M21:M22,M41,M50:M51,M56) -> 312.77658 | ... Q20: =SUM(Q21:Q22,Q41,Q50:Q51,Q56) -> 293.03084
A21: =A20 -> STEM | B21: =B20 -> SPS1 | C21: =C20 -> CH | D21: Imports|Coal | E21: PJ/yr. | F21: {=SUMPRODUCT(("COA"=[1]OUT_PrimaryEnergyCons!$C$4:$C$10000)*1,[1]OUT_PrimaryEnergyCons!D$4:D$10000)} -> 3.6600036 | G21: {=SUMPRODUCT(("COA"=[1]OUT_PrimaryEnergyCons!$C$4:$C$10000)*1,[1]OUT_PrimaryEnergyCons!E$4:E$10000)} -> 3.5647187 | H21: {=SUMPRODUCT(("COA"=[1]OUT_PrimaryEnergyCons!$C$4:$C$10000)*1,[1]OUT_PrimaryEnergyCons!F$4:F$10000)} -> 2.8413068 | I21: {=SUMPRODUCT(("COA"=[1]OUT_PrimaryEnergyCons!$C$4:$C$10000)*1,[1]OUT_PrimaryEnergyCons!G$4:G$10000)} -> 0.0024908497 | J21: {=SUMPRODUCT(("COA"=[1]OUT_PrimaryEnergyCons!$C$4:$C$10000)*1,[1]OUT_PrimaryEnergyCons!H$4:H$10000)} -> 0.0017932378 | K21: {=SUMPRODUCT(("COA"=[1]OUT_PrimaryEnergyCons!$C$4:$C$10000)*1,[1]OUT_PrimaryEnergyCons!I$4:I$10000)} -> 0.0010643396 | L21: {=SUMPRODUCT(("COA"=[1]OUT_PrimaryEnergyCons!$C$4:$C$10000)*1,[1]OUT_PrimaryEnergyCons!J$4:J$10000)} -> 0.0013485759 | M21: {=SUMPRODUCT(("COA"=[1]OUT_PrimaryEnergyCons!$C$4:$C$10000)*1,[1]OUT_PrimaryEnergyCons!K$4:K$10000)} -> 0.003013073 | ... Q21: {=SUMPRODUCT(("COA"=[1]OUT_PrimaryEnergyCons!$C$4:$C$10000)*1,[1]OUT_PrimaryEnergyCons!O$4:O$10000)} -> 0.0030893599
A22: =A21 -> STEM | B22: =B21 -> SPS1 | C22: =C21 -> CH | D22: Imports|Oil | E22: PJ/yr. | F22: =F23+F29 -> 310.79199 | G22: =G23+G29 -> 287.15785 | H22: =H23+H29 -> 266.58574 | I22: =I23+I29 -> 219.90021 | J22: =J23+J29 -> 167.50891 | K22: =K23+K29 -> 148.41194 | L22: =L23+L29 -> 135.62976 | M22: =M23+M29 -> 122.3012 | ... Q22: =Q23+Q29 -> 66.960989
A23: =A22 -> STEM | B23: =B22 -> SPS1 | C23: =C22 -> CH | D23: Imports|Oil|Fossil liquids | E23: PJ/yr. | F23: =SUM(F24:F28) -> 303.95694 | G23: =SUM(G24:G28) -> 280.38122 | H23: =SUM(H24:H28) -> 258.04245 | I23: =SUM(I24:I28) -> 206.97651 | J23: =SUM(J24:J28) -> 155.85139 | K23: =SUM(K24:K28) -> 137.22312 | L23: =SUM(L24:L28) -> 124.61024 | M23: =SUM(M24:M28) -> 111.42296 | ... Q23: =SUM(Q24:Q28) -> 58.970139
A24: =A22 -> STEM | B24: =B22 -> SPS1 | C24: =C22 -> CH | D24: Imports|Oil|Fossil liquids|Light fuel oil | E24: PJ/yr. | F24: {=SUMPRODUCT(("LFO"=[1]OUT_PrimaryEnergyCons!$C$4:$C$10000)*1,[1]OUT_PrimaryEnergyCons!D$4:D$10000)} -> 101.73551 | G24: {=SUMPRODUCT(("LFO"=[1]OUT_PrimaryEnergyCons!$C$4:$C$10000)*1,[1]OUT_PrimaryEnergyCons!E$4:E$10000)} -> 88.823145 | H24: {=SUMPRODUCT(("LFO"=[1]OUT_PrimaryEnergyCons!$C$4:$C$10000)*1,[1]OUT_PrimaryEnergyCons!F$4:F$10000)} -> 79.5 | I24: {=SUMPRODUCT(("LFO"=[1]OUT_PrimaryEnergyCons!$C$4:$C$10000)*1,[1]OUT_PrimaryEnergyCons!G$4:G$10000)} -> 75.590877 | J24: {=SUMPRODUCT(("LFO"=[1]OUT_PrimaryEnergyCons!$C$4:$C$10000)*1,[1]OUT_PrimaryEnergyCons!H$4:H$10000)} -> 60.448903 | K24: {=SUMPRODUCT(("LFO"=[1]OUT_PrimaryEnergyCons!$C$4:$C$10000)*1,[1]OUT_PrimaryEnergyCons!I$4:I$10000)} -> 52.289041 | L24: {=SUMPRODUCT(("LFO"=[1]OUT_PrimaryEnergyCons!$C$4:$C$10000)*1,[1]OUT_PrimaryEnergyCons!J$4:J$10000)} -> 48.478068 | M24: {=SUMPRODUCT(("LFO"=[1]OUT_PrimaryEnergyCons!$C$4:$C$10000)*1,[1]OUT_PrimaryEnergyCons!K$4:K$10000)} -> 41.935001 | ... Q24: {=SUMPRODUCT(("LFO"=[1]OUT_PrimaryEnergyCons!$C$4:$C$10000)*1,[1]OUT_PrimaryEnergyCons!O$4:O$10000)} -> 8.3699938
A25: =A24 -> STEM | B25: =B24 -> SPS1 | C25: =C24 -> CH | D25: Imports|Oil|Fossil liquids|Heavy fuel oil | E25: PJ/yr. | F25: {=SUMPRODUCT(("HFO"=[1]OUT_PrimaryEnergyCons!$C$4:$C$10000)*1,[1]OUT_PrimaryEnergyCons!D$4:D$10000)} -> 2.7763697 | G25: {=SUMPRODUCT(("HFO"=[1]OUT_PrimaryEnergyCons!$C$4:$C$10000)*1,[1]OUT_PrimaryEnergyCons!E$4:E$10000)} -> 2.1548464 | H25: {=SUMPRODUCT(("HFO"=[1]OUT_PrimaryEnergyCons!$C$4:$C$10000)*1,[1]OUT_PrimaryEnergyCons!F$4:F$10000)} -> 0.0026316917 | I25: {=SUMPRODUCT(("HFO"=[1]OUT_PrimaryEnergyCons!$C$4:$C$10000)*1,[1]OUT_PrimaryEnergyCons!G$4:G$10000)} -> 0.00075746549 | J25: {=SUMPRODUCT(("HFO"=[1]OUT_PrimaryEnergyCons!$C$4:$C$10000)*1,[1]OUT_PrimaryEnergyCons!H$4:H$10000)} -> 0.0011719605 | K25: {=SUMPRODUCT(("HFO"=[1]OUT_PrimaryEnergyCons!$C$4:$C$10000)*1,[1]OUT_PrimaryEnergyCons!I$4:I$10000)} -> 0.0010442686 | L25: {=SUMPRODUCT(("HFO"=[1]OUT_PrimaryEnergyCons!$C$4:$C$10000)*1,[1]OUT_PrimaryEnergyCons!J$4:J$10000)} -> 0.0011656933 | M25: {=SUMPRODUCT(("HFO"=[1]OUT_PrimaryEnergyCons!$C$4:$C$10000)*1,[1]OUT_PrimaryEnergyCons!K$4:K$10000)} -> 0 | ... Q25: {=SUMPRODUCT(("HFO"=[1]OUT_PrimaryEnergyCons!$C$4:$C$10000)*1,[1]OUT_PrimaryEnergyCons!O$4:O$10000)} -> 0
A26: =A25 -> STEM | B26: =B25 -> SPS1 | C26: =C25 -> CH | D26: Imports|Oil|Fossil liquids|Motor Diesel | E26: PJ/yr. | F26: {=SUMPRODUCT(("DSL"=[1]OUT_PrimaryEnergyCons!$C$4:$C$10000)*1,[1]OUT_PrimaryEnergyCons!D$4:D$10000)} -> 118.54821 | G26: {=SUMPRODUCT(("DSL"=[1]OUT_PrimaryEnergyCons!$C$4:$C$10000)*1,[1]OUT_PrimaryEnergyCons!E$4:E$10000)} -> 112.04192 | H26: {=SUMPRODUCT(("DSL"=[1]OUT_PrimaryEnergyCons!$C$4:$C$10000)*1,[1]OUT_PrimaryEnergyCons!F$4:F$10000)} -> 96.884526 | I26: {=SUMPRODUCT(("DSL"=[1]OUT_PrimaryEnergyCons!$C$4:$C$10000)*1,[1]OUT_PrimaryEnergyCons!G$4:G$10000)} -> 71.412412 | J26: {=SUMPRODUCT(("DSL"=[1]OUT_PrimaryEnergyCons!$C$4:$C$10000)*1,[1]OUT_PrimaryEnergyCons!H$4:H$10000)} -> 49.514288 | K26: {=SUMPRODUCT(("DSL"=[1]OUT_PrimaryEnergyCons!$C$4:$C$10000)*1,[1]OUT_PrimaryEnergyCons!I$4:I$10000)} -> 45.4305 | L26: {=SUMPRODUCT(("DSL"=[1]OUT_PrimaryEnergyCons!$C$4:$C$10000)*1,[1]OUT_PrimaryEnergyCons!J$4:J$10000)} -> 42.313798 | M26: {=SUMPRODUCT(("DSL"=[1]OUT_PrimaryEnergyCons!$C$4:$C$10000)*1,[1]OUT_PrimaryEnergyCons!K$4:K$10000)} -> 40.427301 | ... Q26: {=SUMPRODUCT(("DSL"=[1]OUT_PrimaryEnergyCons!$C$4:$C$10000)*1,[1]OUT_PrimaryEnergyCons!O$4:O$10000)} -> 29.599771
A27: =A26 -> STEM | B27: =B26 -> SPS1 | C27: =C26 -> CH | D27: Imports|Oil|Fossil liquids|Motor Gasoline | E27: PJ/yr. | F27: {=SUMPRODUCT(("GSL"=[1]OUT_PrimaryEnergyCons!$C$4:$C$10000)*1,[1]OUT_PrimaryEnergyCons!D$4:D$10000)} -> 79.788391 | G27: {=SUMPRODUCT(("GSL"=[1]OUT_PrimaryEnergyCons!$C$4:$C$10000)*1,[1]OUT_PrimaryEnergyCons!E$4:E$10000)} -> 75.956113 | H27: {=SUMPRODUCT(("GSL"=[1]OUT_PrimaryEnergyCons!$C$4:$C$10000)*1,[1]OUT_PrimaryEnergyCons!F$4:F$10000)} -> 79.808008 | I27: {=SUMPRODUCT(("GSL"=[1]OUT_PrimaryEnergyCons!$C$4:$C$10000)*1,[1]OUT_PrimaryEnergyCons!G$4:G$10000)} -> 58.363036 | J27: {=SUMPRODUCT(("GSL"=[1]OUT_PrimaryEnergyCons!$C$4:$C$10000)*1,[1]OUT_PrimaryEnergyCons!H$4:H$10000)} -> 44.723838 | K27: {=SUMPRODUCT(("GSL"=[1]OUT_PrimaryEnergyCons!$C$4:$C$10000)*1,[1]OUT_PrimaryEnergyCons!I$4:I$10000)} -> 38.520006 | L27: {=SUMPRODUCT(("GSL"=[1]OUT_PrimaryEnergyCons!$C$4:$C$10000)*1,[1]OUT_PrimaryEnergyCons!J$4:J$10000)} -> 33.156816 | M27: {=SUMPRODUCT(("GSL"=[1]OUT_PrimaryEnergyCons!$C$4:$C$10000)*1,[1]OUT_PrimaryEnergyCons!K$4:K$10000)} -> 28.671767 | ... Q27: {=SUMPRODUCT(("GSL"=[1]OUT_PrimaryEnergyCons!$C$4:$C$10000)*1,[1]OUT_PrimaryEnergyCons!O$4:O$10000)} -> 21.000276
A28: =A27 -> STEM | B28: =B27 -> SPS1 | C28: =C27 -> CH | D28: Imports|Oil|Fossil liquids|Kerosene (excl. international aviation) | E28: PJ/yr. | F28: {=SUMPRODUCT(("KER"=[1]OUT_PrimaryEnergyCons!$C$4:$C$10000)*1,[1]OUT_PrimaryEnergyCons!D$4:D$10000)} -> 1.1084624 | G28: {=SUMPRODUCT(("KER"=[1]OUT_PrimaryEnergyCons!$C$4:$C$10000)*1,[1]OUT_PrimaryEnergyCons!E$4:E$10000)} -> 1.4052016 | H28: {=SUMPRODUCT(("KER"=[1]OUT_PrimaryEnergyCons!$C$4:$C$10000)*1,[1]OUT_PrimaryEnergyCons!F$4:F$10000)} -> 1.8472809 | I28: {=SUMPRODUCT(("KER"=[1]OUT_PrimaryEnergyCons!$C$4:$C$10000)*1,[1]OUT_PrimaryEnergyCons!G$4:G$10000)} -> 1.6094252 | J28: {=SUMPRODUCT(("KER"=[1]OUT_PrimaryEnergyCons!$C$4:$C$10000)*1,[1]OUT_PrimaryEnergyCons!H$4:H$10000)} -> 1.1631901 | K28: {=SUMPRODUCT(("KER"=[1]OUT_PrimaryEnergyCons!$C$4:$C$10000)*1,[1]OUT_PrimaryEnergyCons!I$4:I$10000)} -> 0.9825278 | L28: {=SUMPRODUCT(("KER"=[1]OUT_PrimaryEnergyCons!$C$4:$C$10000)*1,[1]OUT_PrimaryEnergyCons!J$4:J$10000)} -> 0.66038873 | M28: {=SUMPRODUCT(("KER"=[1]OUT_PrimaryEnergyCons!$C$4:$C$10000)*1,[1]OUT_PrimaryEnergyCons!K$4:K$10000)} -> 0.38888635 | ... Q28: {=SUMPRODUCT(("KER"=[1]OUT_PrimaryEnergyCons!$C$4:$C$10000)*1,[1]OUT_PrimaryEnergyCons!O$4:O$10000)} -> 9.8002702e-05
A29: =A50 -> STEM | B29: =B50 -> SPS1 | C29: =C50 -> CH | D29: Imports|Oil|Synthetic liquids | E29: PJ/yr. | F29: =SUM(F30:F32) -> 6.835048 | G29: =SUM(G30:G32) -> 6.7766295 | H29: =SUM(H30:H32) -> 8.5432919 | I29: =SUM(I30:I32) -> 12.923703 | J29: =SUM(J30:J32) -> 11.657516 | K29: =SUM(K30:K32) -> 11.188824 | L29: =SUM(L30:L32) -> 11.019518 | M29: =SUM(M30:M32) -> 10.878241 | ... Q29: =SUM(Q30:Q32) -> 7.9908494
A30: =A37 -> STEM | B30: =B37 -> SPS1 | C30: =C37 -> CH | D30: Imports|Oil|Synthetic liquids|Total|Motor diesel | E30: PJ/yr. | F30: {=SUMPRODUCT(ISNUMBER(SEARCH("IMPBDS",[1]OUT_SyntheticFuels!$C$4:$C$1000))*1,("Var_Fout"=[1]OUT_SyntheticFuels!$B$4:$B$1000)*1,[1]OUT_SyntheticFuels!E$4:E$1000)-F32} -> 2.399987 | G30: {=SUMPRODUCT(ISNUMBER(SEARCH("IMPBDS",[1]OUT_SyntheticFuels!$C$4:$C$1000))*1,("Var_Fout"=[1]OUT_SyntheticFuels!$B$4:$B$1000)*1,[1]OUT_SyntheticFuels!F$4:F$1000)-G32} -> 2.3779994 | H30: {=SUMPRODUCT(ISNUMBER(SEARCH("IMPBDS",[1]OUT_SyntheticFuels!$C$4:$C$1000))*1,("Var_Fout"=[1]OUT_SyntheticFuels!$B$4:$B$1000)*1,[1]OUT_SyntheticFuels!G$4:G$1000)-H32} -> 3.9203692 | I30: {=SUMPRODUCT(ISNUMBER(SEARCH("IMPBDS",[1]OUT_SyntheticFuels!$C$4:$C$1000))*1,("Var_Fout"=[1]OUT_SyntheticFuels!$B$4:$B$1000)*1,[1]OUT_SyntheticFuels!H$4:H$1000)-I32} -> 2.3915775 | J30: {=SUMPRODUCT(ISNUMBER(SEARCH("IMPBDS",[1]OUT_SyntheticFuels!$C$4:$C$1000))*1,("Var_Fout"=[1]OUT_SyntheticFuels!$B$4:$B$1000)*1,[1]OUT_SyntheticFuels!I$4:I$1000)-J32} -> 1.8280361 | K30: {=SUMPRODUCT(ISNUMBER(SEARCH("IMPBDS",[1]OUT_SyntheticFuels!$C$4:$C$1000))*1,("Var_Fout"=[1]OUT_SyntheticFuels!$B$4:$B$1000)*1,[1]OUT_SyntheticFuels!J$4:J$1000)-K32} -> 1.863639 | L30: {=SUMPRODUCT(ISNUMBER(SEARCH("IMPBDS",[1]OUT_SyntheticFuels!$C$4:$C$1000))*1,("Var_Fout"=[1]OUT_SyntheticFuels!$B$4:$B$1000)*1,[1]OUT_SyntheticFuels!K$4:K$1000)-L32} -> 1.7608845 | M30: {=SUMPRODUCT(ISNUMBER(SEARCH("IMPBDS",[1]OUT_SyntheticFuels!$C$4:$C$1000))*1,("Var_Fout"=[1]OUT_SyntheticFuels!$B$4:$B$1000)*1,[1]OUT_SyntheticFuels!L$4:L$1000)-M32} -> 1.7059792 | ... Q30: {=SUMPRODUCT(ISNUMBER(SEARCH("IMPBDS",[1]OUT_SyntheticFuels!$C$4:$C$1000))*1,("Var_Fout"=[1]OUT_SyntheticFuels!$B$4:$B$1000)*1,[1]OUT_SyntheticFuels!P$4:P$1000)-Q32} -> -0.61141063
A31: =A30 -> STEM | B31: =B30 -> SPS1 | C31: =C30 -> CH | D31: Imports|Oil|Synthetic liquids|Total|Motor Gasoline | E31: PJ/yr. | F31: {=SUMPRODUCT(ISNUMBER(SEARCH("IMPeth",[1]OUT_SyntheticFuels!$C$4:$C$1000))*1,("Var_Fout"=[1]OUT_SyntheticFuels!$B$4:$B$1000)*1,[1]OUT_SyntheticFuels!E$4:E$1000)} -> 4.4341508 | G31: {=SUMPRODUCT(ISNUMBER(SEARCH("IMPeth",[1]OUT_SyntheticFuels!$C$4:$C$1000))*1,("Var_Fout"=[1]OUT_SyntheticFuels!$B$4:$B$1000)*1,[1]OUT_SyntheticFuels!F$4:F$1000)} -> 4.398616 | H31: {=SUMPRODUCT(ISNUMBER(SEARCH("IMPeth",[1]OUT_SyntheticFuels!$C$4:$C$1000))*1,("Var_Fout"=[1]OUT_SyntheticFuels!$B$4:$B$1000)*1,[1]OUT_SyntheticFuels!G$4:G$1000)} -> 4.6212683 | I31: {=SUMPRODUCT(ISNUMBER(SEARCH("IMPeth",[1]OUT_SyntheticFuels!$C$4:$C$1000))*1,("Var_Fout"=[1]OUT_SyntheticFuels!$B$4:$B$1000)*1,[1]OUT_SyntheticFuels!H$4:H$1000)} -> 4.122716 | J31: {=SUMPRODUCT(ISNUMBER(SEARCH("IMPeth",[1]OUT_SyntheticFuels!$C$4:$C$1000))*1,("Var_Fout"=[1]OUT_SyntheticFuels!$B$4:$B$1000)*1,[1]OUT_SyntheticFuels!I$4:I$1000)} -> 2.8977398 | K31: {=SUMPRODUCT(ISNUMBER(SEARCH("IMPeth",[1]OUT_SyntheticFuels!$C$4:$C$1000))*1,("Var_Fout"=[1]OUT_SyntheticFuels!$B$4:$B$1000)*1,[1]OUT_SyntheticFuels!J$4:J$1000)} -> 2.2310078 | L31: {=SUMPRODUCT(ISNUMBER(SEARCH("IMPeth",[1]OUT_SyntheticFuels!$C$4:$C$1000))*1,("Var_Fout"=[1]OUT_SyntheticFuels!$B$4:$B$1000)*1,[1]OUT_SyntheticFuels!K$4:K$1000)} -> 1.9204176 | M31: {=SUMPRODUCT(ISNUMBER(SEARCH("IMPeth",[1]OUT_SyntheticFuels!$C$4:$C$1000))*1,("Var_Fout"=[1]OUT_SyntheticFuels!$B$4:$B$1000)*1,[1]OUT_SyntheticFuels!L$4:L$1000)} -> 1.6609129 | ... Q31: {=SUMPRODUCT(ISNUMBER(SEARCH("IMPeth",[1]OUT_SyntheticFuels!$C$4:$C$1000))*1,("Var_Fout"=[1]OUT_SyntheticFuels!$B$4:$B$1000)*1,[1]OUT_SyntheticFuels!P$4:P$1000)} -> 1.216944
B32: =B31 -> SPS1 | C32: =C31 -> CH | D32: Imports|Oil|Synthetic liquids|Total|Kerosene | E32: PJ/yr. | F32: =SUM([1]Transport_Aviation_Intl!B$12,[1]Transport!B$28) -> 0.00091022248 | G32: =SUM([1]Transport_Aviation_Intl!C$12,[1]Transport!C$28) -> 1.4106315e-05 | H32: =SUM([1]Transport_Aviation_Intl!D$12,[1]Transport!D$28) -> 0.0016544428 | I32: =SUM([1]Transport_Aviation_Intl!E$12,[1]Transport!E$28) -> 6.4094097 | J32: =SUM([1]Transport_Aviation_Intl!F$12,[1]Transport!F$28) -> 6.9317401 | K32: =SUM([1]Transport_Aviation_Intl!G$12,[1]Transport!G$28) -> 7.0941776 | L32: =SUM([1]Transport_Aviation_Intl!H$12,[1]Transport!H$28) -> 7.3382163 | M32: =SUM([1]Transport_Aviation_Intl!I$12,[1]Transport!I$28) -> 7.5113488 | ... Q32: =SUM([1]Transport_Aviation_Intl!M$12,[1]Transport!M$28) -> 7.385316
A33: =A29 -> STEM | B33: =B29 -> SPS1 | C33: =C29 -> CH | D33: Imports|Oil|Synthetic liquids|Bioliquids|Total | E33: PJ/yr. | F33: =SUM(F34:F36) -> 6.835048 | G33: =SUM(G34:G36) -> 6.7766295 | H33: =SUM(H34:H36) -> 8.5432919 | I33: =SUM(I34:I36) -> 12.923703 | J33: =SUM(J34:J36) -> 11.135186 | K33: =SUM(K34:K36) -> 11.026387 | L33: =SUM(L34:L36) -> 10.77548 | M33: =SUM(M34:M36) -> 10.705108 | ... Q33: =SUM(Q34:Q36) -> 7.9908494
A34: =A31 -> STEM | B34: =B31 -> SPS1 | C34: =C31 -> CH | D34: Imports|Oil|Synthetic liquids|Bioliquids|Biodiesel | E34: PJ/yr. | F34: =F30 -> 2.399987 | G34: =G30 -> 2.3779994 | H34: =H30 -> 3.9203692 | I34: =I30 -> 2.3915775 | J34: =IF(J30-MAX(F30:I30)<0,J30,MAX(F30:I30)) -> 1.8280361 | K34: =IF(K30-MAX(F30:J30)<0,K30,MAX(F30:J30)) -> 1.863639 | L34: =IF(L30-MAX(G30:K30)<0,L30,MAX(G30:K30)) -> 1.7608845 | M34: =IF(M30-MAX(H30:L30)<0,M30,MAX(H30:L30)) -> 1.7059792 | N34: =IF(N30-MAX(I30:M30)<0,N30,MAX(I30:M30)) -> 1.6907608 | O34: =IF(O30-MAX(J30:N30)<0,O30,MAX(J30:N30)) -> 1.5027284 | P34: =IF(P30-MAX(K30:O30)<0,P30,MAX(K30:O30)) -> 0.025355221 | Q34: =IF(Q30-MAX(L30:P30)<0,Q30,MAX(L30:P30)) -> -0.61141063
A35: =A34 -> STEM | B35: =B34 -> SPS1 | C35: =C34 -> CH | D35: Imports|Oil|Synthetic liquids|Bioliquids|Ethanol | E35: PJ/yr. | F35: =F31 -> 4.4341508 | G35: =G31 -> 4.398616 | H35: =H31 -> 4.6212683 | I35: =I31 -> 4.122716 | J35: =IF(J31-MAX(F31:I31)<0,J31,MAX(F31:I31)) -> 2.8977398 | K35: =IF(K31-MAX(F31:J31)<0,K31,MAX(F31:J31)) -> 2.2310078 | L35: =IF(L31-MAX(G31:K31)<0,L31,MAX(G31:K31)) -> 1.9204176 | M35: =IF(M31-MAX(H31:L31)<0,M31,MAX(H31:L31)) -> 1.6609129 | N35: =IF(N31-MAX(I31:M31)<0,N31,MAX(I31:M31)) -> 1.5118459 | O35: =IF(O31-MAX(J31:N31)<0,O31,MAX(J31:N31)) -> 1.3751733 | P35: =IF(P31-MAX(K31:O31)<0,P31,MAX(K31:O31)) -> 1.2711444 | Q35: =IF(Q31-MAX(L31:P31)<0,Q31,MAX(L31:P31)) -> 1.216944
B36: =B35 -> SPS1 | C36: =C35 -> CH | D36: Imports|Oil|Synthetic liquids|Bioliquids|Biokerosene | E36: PJ/yr. | F36: =SUM([1]Transport!B$28,[1]Transport_Aviation_Intl!B$12) -> 0.00091022248 | G36: =SUM([1]Transport!C$28,[1]Transport_Aviation_Intl!C$12) -> 1.4106315e-05 | H36: =SUM([1]Transport!D$28,[1]Transport_Aviation_Intl!D$12) -> 0.0016544428 | I36: =SUM([1]Transport!E$28,[1]Transport_Aviation_Intl!E$12) -> 6.4094097 | J36: =IF(J32-MAX(F32:I32)<0,J32,MAX(F32:I32)) -> 6.4094097 | K36: =IF(K32-MAX(G32:J32)<0,K32,MAX(G32:J32)) -> 6.9317401 | L36: =IF(L32-MAX(H32:K32)<0,L32,MAX(H32:K32)) -> 7.0941776 | M36: =IF(M32-MAX(I32:L32)<0,M32,MAX(I32:L32)) -> 7.3382163 | N36: =IF(N32-MAX(J32:M32)<0,N32,MAX(J32:M32)) -> 7.5113488 | O36: =IF(O32-MAX(K32:N32)<0,O32,MAX(K32:N32)) -> 7.519747 | P36: =IF(P32-MAX(L32:O32)<0,P32,MAX(L32:O32)) -> 7.4073901 | Q36: =IF(Q32-MAX(M32:P32)<0,Q32,MAX(M32:P32)) -> 7.385316
A37: =A33 -> STEM | B37: =B33 -> SPS1 | C37: =C33 -> CH | D37: Imports|Oil|Synthetic liquids|PtL|Total | E37: PJ/yr. | F37: =SUM(F38:F40) -> 0 | G37: =SUM(G38:G40) -> 0 | H37: =SUM(H38:H40) -> 0 | I37: =SUM(I38:I40) -> 0 | J37: =SUM(J38:J40) -> 0.52233044 | K37: =SUM(K38:K40) -> 0.16243754 | L37: =SUM(L38:L40) -> 0.24403865 | M37: =SUM(M38:M40) -> 0.17313251 | ... Q37: =SUM(Q38:Q40) -> 0
A38: =A35 -> STEM | B38: =B35 -> SPS1 | C38: =C35 -> CH | D38: Imports|Oil|Synthetic liquids|PtL|PtL Diesel | E38: PJ/yr. | F38: 0 | G38: 0 | H38: 0 | I38: 0 | J38: =J30-J34 -> 0 | K38: =K30-K34 -> 0 | L38: =L30-L34 -> 0 | M38: =M30-M34 -> 0 | N38: =N30-N34 -> 0 | O38: =O30-O34 -> 0 | P38: =P30-P34 -> 0 | Q38: =Q30-Q34 -> 0
A39: =A38 -> STEM | B39: =B38 -> SPS1 | C39: =C38 -> CH | D39: Imports|Oil|Synthetic liquids|PtL|PtL Gasoline | E39: PJ/yr. | F39: 0 | G39: 0 | H39: 0 | I39: 0 | J39: =J31-J35 -> 0 | K39: =K31-K35 -> 0 | L39: =L31-L35 -> 0 | M39: =M31-M35 -> 0 | N39: =N31-N35 -> 0 | O39: =O31-O35 -> 0 | P39: =P31-P35 -> 0 | Q39: =Q31-Q35 -> 0
B40: =B39 -> SPS1 | C40: =C39 -> CH | D40: Imports|Oil|Synthetic liquids|PtL|PtL Kerosene | E40: PJ/yr. | F40: 0 | G40: 0 | H40: 0 | I40: 0 | J40: =J32-J36 -> 0.52233044 | K40: =K32-K36 -> 0.16243754 | L40: =L32-L36 -> 0.24403865 | M40: =M32-M36 -> 0.17313251 | N40: =N32-N36 -> 0.0083981758 | O40: =O32-O36 -> 0.031962696 | P40: =P32-P36 -> 0 | Q40: =Q32-Q36 -> 0
A41: =A28 -> STEM | B41: =B28 -> SPS1 | C41: =C28 -> CH | D41: Imports|Gas | E41: PJ/yr. | F41: =F42+F45 -> 116.99377 | G41: =G42+G45 -> 107.2365 | H41: =H42+H45 -> 113.41471 | I41: =I42+I45 -> 121.33174 | J41: =J42+J45 -> 126.58294 | K41: =K42+K45 -> 128.54684 | L41: =L42+L45 -> 129.26581 | M41: =M42+M45 -> 127.54255 | ... Q41: =Q42+Q45 -> 111.28825
A42: =A29 -> STEM | B42: =B29 -> SPS1 | C42: =C29 -> CH | D42: Imports|Gas|Fossil gases|Total | E42: PJ/yr. | F42: =F43+F44 -> 116.99377 | G42: =G43+G44 -> 106.72 | H42: =H43+H44 -> 112.24757 | I42: =I43+I44 -> 119.09918 | J42: =J43+J44 -> 122.76961 | K42: =K43+K44 -> 122.44993 | L42: =L43+L44 -> 122.86439 | M42: =M43+M44 -> 120.87681 | ... Q42: =Q43+Q44 -> 101.62805
A43: =A27 -> STEM | B43: =B27 -> SPS1 | C43: =C27 -> CH | D43: Imports|Gas|Fossil gases|Natural gas | E43: PJ/yr. | F43: {=SUMPRODUCT(("NGA"=[1]OUT_PrimaryEnergyCons!$C$4:$C$10000)*1,[1]OUT_PrimaryEnergyCons!D$4:D$10000)} -> 116.99377 | G43: {=SUMPRODUCT(("NGA"=[1]OUT_PrimaryEnergyCons!$C$4:$C$10000)*1,[1]OUT_PrimaryEnergyCons!E$4:E$10000)} -> 106.72 | H43: {=SUMPRODUCT(("NGA"=[1]OUT_PrimaryEnergyCons!$C$4:$C$10000)*1,[1]OUT_PrimaryEnergyCons!F$4:F$10000)} -> 112.24757 | I43: {=SUMPRODUCT(("NGA"=[1]OUT_PrimaryEnergyCons!$C$4:$C$10000)*1,[1]OUT_PrimaryEnergyCons!G$4:G$10000)} -> 119.0984 | J43: {=SUMPRODUCT(("NGA"=[1]OUT_PrimaryEnergyCons!$C$4:$C$10000)*1,[1]OUT_PrimaryEnergyCons!H$4:H$10000)} -> 122.76824 | K43: {=SUMPRODUCT(("NGA"=[1]OUT_PrimaryEnergyCons!$C$4:$C$10000)*1,[1]OUT_PrimaryEnergyCons!I$4:I$10000)} -> 122.44867 | L43: {=SUMPRODUCT(("NGA"=[1]OUT_PrimaryEnergyCons!$C$4:$C$10000)*1,[1]OUT_PrimaryEnergyCons!J$4:J$10000)} -> 122.86306 | M43: {=SUMPRODUCT(("NGA"=[1]OUT_PrimaryEnergyCons!$C$4:$C$10000)*1,[1]OUT_PrimaryEnergyCons!K$4:K$10000)} -> 120.874 | ... Q43: {=SUMPRODUCT(("NGA"=[1]OUT_PrimaryEnergyCons!$C$4:$C$10000)*1,[1]OUT_PrimaryEnergyCons!O$4:O$10000)} -> 101.62342
A44: =A43 -> STEM | B44: =B43 -> SPS1 | C44: =C43 -> CH | D44: Imports|Gas|Fossil gases|Liquified Natural Gas | E44: PJ/yr. | F44: {=SUMPRODUCT(("LNGA"=[1]OUT_PrimaryEnergyCons!$C$4:$C$10000)*1,[1]OUT_PrimaryEnergyCons!D$4:D$10000)} -> 0 | G44: {=SUMPRODUCT(("LNGA"=[1]OUT_PrimaryEnergyCons!$C$4:$C$10000)*1,[1]OUT_PrimaryEnergyCons!E$4:E$10000)} -> 0 | H44: {=SUMPRODUCT(("LNGA"=[1]OUT_PrimaryEnergyCons!$C$4:$C$10000)*1,[1]OUT_PrimaryEnergyCons!F$4:F$10000)} -> 0 | I44: {=SUMPRODUCT(("LNGA"=[1]OUT_PrimaryEnergyCons!$C$4:$C$10000)*1,[1]OUT_PrimaryEnergyCons!G$4:G$10000)} -> 0.00078135119 | J44: {=SUMPRODUCT(("LNGA"=[1]OUT_PrimaryEnergyCons!$C$4:$C$10000)*1,[1]OUT_PrimaryEnergyCons!H$4:H$10000)} -> 0.0013687796 | K44: {=SUMPRODUCT(("LNGA"=[1]OUT_PrimaryEnergyCons!$C$4:$C$10000)*1,[1]OUT_PrimaryEnergyCons!I$4:I$10000)} -> 0.0012541622 | L44: {=SUMPRODUCT(("LNGA"=[1]OUT_PrimaryEnergyCons!$C$4:$C$10000)*1,[1]OUT_PrimaryEnergyCons!J$4:J$10000)} -> 0.0013294193 | M44: {=SUMPRODUCT(("LNGA"=[1]OUT_PrimaryEnergyCons!$C$4:$C$10000)*1,[1]OUT_PrimaryEnergyCons!K$4:K$10000)} -> 0.0028105092 | ... Q44: {=SUMPRODUCT(("LNGA"=[1]OUT_PrimaryEnergyCons!$C$4:$C$10000)*1,[1]OUT_PrimaryEnergyCons!O$4:O$10000)} -> 0.0046299075
A45: =A39 -> STEM | B45: =B39 -> SPS1 | C45: =C39 -> CH | D45: Imports|Gas|Synthetic gases | E45: PJ/yr. | F45: {=SUMPRODUCT(("BIO"=[1]OUT_PrimaryEnergyCons!$C$4:$C$10000)*1+("LBIO"=[1]OUT_PrimaryEnergyCons!$C$4:$C$10000)*1,[1]OUT_PrimaryEnergyCons!D$4:D$10000)} -> 0 | G45: {=SUMPRODUCT(("BIO"=[1]OUT_PrimaryEnergyCons!$C$4:$C$10000)*1+("LBIO"=[1]OUT_PrimaryEnergyCons!$C$4:$C$10000)*1,[1]OUT_PrimaryEnergyCons!E$4:E$10000)} -> 0.51650119 | H45: {=SUMPRODUCT(("BIO"=[1]OUT_PrimaryEnergyCons!$C$4:$C$10000)*1+("LBIO"=[1]OUT_PrimaryEnergyCons!$C$4:$C$10000)*1,[1]OUT_PrimaryEnergyCons!F$4:F$10000)} -> 1.1671417 | I45: {=SUMPRODUCT(("BIO"=[1]OUT_PrimaryEnergyCons!$C$4:$C$10000)*1+("LBIO"=[1]OUT_PrimaryEnergyCons!$C$4:$C$10000)*1,[1]OUT_PrimaryEnergyCons!G$4:G$10000)} -> 2.2325621 | J45: {=SUMPRODUCT(("BIO"=[1]OUT_PrimaryEnergyCons!$C$4:$C$10000)*1+("LBIO"=[1]OUT_PrimaryEnergyCons!$C$4:$C$10000)*1,[1]OUT_PrimaryEnergyCons!H$4:H$10000)} -> 3.8133257 | K45: {=SUMPRODUCT(("BIO"=[1]OUT_PrimaryEnergyCons!$C$4:$C$10000)*1+("LBIO"=[1]OUT_PrimaryEnergyCons!$C$4:$C$10000)*1,[1]OUT_PrimaryEnergyCons!I$4:I$10000)} -> 6.0969135 | L45: {=SUMPRODUCT(("BIO"=[1]OUT_PrimaryEnergyCons!$C$4:$C$10000)*1+("LBIO"=[1]OUT_PrimaryEnergyCons!$C$4:$C$10000)*1,[1]OUT_PrimaryEnergyCons!J$4:J$10000)} -> 6.4014219 | M45: {=SUMPRODUCT(("BIO"=[1]OUT_PrimaryEnergyCons!$C$4:$C$10000)*1+("LBIO"=[1]OUT_PrimaryEnergyCons!$C$4:$C$10000)*1,[1]OUT_PrimaryEnergyCons!K$4:K$10000)} -> 6.6657403 | ... Q45: {=SUMPRODUCT(("BIO"=[1]OUT_PrimaryEnergyCons!$C$4:$C$10000)*1+("LBIO"=[1]OUT_PrimaryEnergyCons!$C$4:$C$10000)*1,[1]OUT_PrimaryEnergyCons!O$4:O$10000)} -> 9.6601969
A46: =A45 -> STEM | B46: =B45 -> SPS1 | C46: =C45 -> CH | D46: Imports|Gas|Synthetic gases|Biogases | E46: PJ/yr. | F46: =F47 -> 0 | G46: =G47 -> 0.51650119 | H46: =H47 -> 1.1671417 | I46: =I47 -> 2.2325621 | J46: =J47 -> 2.2325621 | K46: =K47 -> 3.8133257 | L46: =L47 -> 6.0969135 | M46: =M47 -> 6.4014219 | ... Q46: =Q47 -> 8.8379502
A47: =A46 -> STEM | B47: =B46 -> SPS1 | C47: =C46 -> CH | D47: Imports|Gas|Synthetic gases|Biogases|Biogas | E47: PJ/yr. | F47: =F45 -> 0 | G47: =G45 -> 0.51650119 | H47: =H45 -> 1.1671417 | I47: =I45 -> 2.2325621 | J47: =IF(J45-MAX(F45:I45)<0,J45,MAX(F45:I45)) -> 2.2325621 | K47: =IF(K45-MAX(G45:J45)<0,K45,MAX(G45:J45)) -> 3.8133257 | L47: =IF(L45-MAX(H45:K45)<0,L45,MAX(H45:K45)) -> 6.0969135 | M47: =IF(M45-MAX(I45:L45)<0,M45,MAX(I45:L45)) -> 6.4014219 | N47: =IF(N45-MAX(J45:M45)<0,N45,MAX(J45:M45)) -> 6.6657403 | O47: =IF(O45-MAX(K45:N45)<0,O45,MAX(K45:N45)) -> 6.8191601 | P47: =IF(P45-MAX(L45:O45)<0,P45,MAX(L45:O45)) -> 7.1129749 | Q47: =IF(Q45-MAX(M45:P45)<0,Q45,MAX(M45:P45)) -> 8.8379502
A48: =A46 -> STEM | B48: =B46 -> SPS1 | C48: =C46 -> CH | D48: Imports|Gas|Synthetic gases|PtG | E48: PJ/yr. | F48: =F49 -> 0 | G48: =G49 -> 0 | H48: =H49 -> 0 | I48: =I49 -> 0 | J48: =J49 -> 1.5807635 | K48: =K49 -> 2.2835878 | L48: =L49 -> 0.30450844 | M48: =M49 -> 0.26431844 | ... Q48: =Q49 -> 0.82224663
A49: =A47 -> STEM | B49: =B47 -> SPS1 | C49: =C47 -> CH | D49: Imports|Gas|Synthetic gases|PtG|PtG gas | E49: PJ/yr. | F49: 0 | G49: 0 | H49: 0 | I49: 0 | J49: =J45-J47 -> 1.5807635 | K49: =K45-K47 -> 2.2835878 | L49: =L45-L47 -> 0.30450844 | M49: =M45-M47 -> 0.26431844 | N49: =N45-N47 -> 0.15341973 | O49: =O45-O47 -> 0.29381487 | P49: =P45-P47 -> 1.7249753 | Q49: =Q45-Q47 -> 0.82224663
A50: =A44 -> STEM | B50: =B44 -> SPS1 | C50: =C44 -> CH | D50: Imports|Nuclear fuel | E50: PJ/yr. | F50: {=SUMPRODUCT(("urn"=[1]OUT_PrimaryEnergyCons!$C$4:$C$10000)*1,[1]OUT_PrimaryEnergyCons!D$4:D$10000)} -> 250.94817 | G50: {=SUMPRODUCT(("urn"=[1]OUT_PrimaryEnergyCons!$C$4:$C$10000)*1,[1]OUT_PrimaryEnergyCons!E$4:E$10000)} -> 254.39254 | H50: {=SUMPRODUCT(("urn"=[1]OUT_PrimaryEnergyCons!$C$4:$C$10000)*1,[1]OUT_PrimaryEnergyCons!F$4:F$10000)} -> 224.17872 | I50: {=SUMPRODUCT(("urn"=[1]OUT_PrimaryEnergyCons!$C$4:$C$10000)*1,[1]OUT_PrimaryEnergyCons!G$4:G$10000)} -> 221.53133 | J50: {=SUMPRODUCT(("urn"=[1]OUT_PrimaryEnergyCons!$C$4:$C$10000)*1,[1]OUT_PrimaryEnergyCons!H$4:H$10000)} -> 173.5358 | K50: {=SUMPRODUCT(("urn"=[1]OUT_PrimaryEnergyCons!$C$4:$C$10000)*1,[1]OUT_PrimaryEnergyCons!I$4:I$10000)} -> 100.02627 | L50: {=SUMPRODUCT(("urn"=[1]OUT_PrimaryEnergyCons!$C$4:$C$10000)*1,[1]OUT_PrimaryEnergyCons!J$4:J$10000)} -> 0 | M50: {=SUMPRODUCT(("urn"=[1]OUT_PrimaryEnergyCons!$C$4:$C$10000)*1,[1]OUT_PrimaryEnergyCons!K$4:K$10000)} -> 0 | ... Q50: {=SUMPRODUCT(("urn"=[1]OUT_PrimaryEnergyCons!$C$4:$C$10000)*1,[1]OUT_PrimaryEnergyCons!O$4:O$10000)} -> 45.582995
A51: =A39 -> STEM | B51: =B39 -> SPS1 | C51: =C39 -> CH | D51: Imports|Electricity | E51: PJ/yr. | F51: =SUM(F52:F55) -> 97.160001 | G51: =SUM(G52:G55) -> 50.275085 | H51: =SUM(H52:H55) -> 50.453318 | I51: =SUM(I52:I55) -> 50.748127 | J51: =SUM(J52:J55) -> 56.31132 | K51: =SUM(K52:K55) -> 59.234789 | L51: =SUM(L52:L55) -> 65.541751 | M51: =SUM(M52:M55) -> 62.928454 | ... Q51: =SUM(Q52:Q55) -> 69.193865
A52: =A51 -> STEM | B52: =B51 -> SPS1 | C52: =C51 -> CH | D52: Imports|Electricity|Austria | E52: PJ/yr. | F52: {=SUMPRODUCT(([1]OUT_Electricity_CHP!$B$1:$B$10000="G-INTC-IMP00-AT")*1,([1]OUT_Electricity_CHP!$C$1:$C$10000="Var_Fout")*1,ISNUMBER(SEARCH("ELC",[1]OUT_Electricity_CHP!$D$1:$D$10000))*1,[1]OUT_Electricity_CHP!E$1:E$10000)} -> 15.013806 | G52: {=SUMPRODUCT(([1]OUT_Electricity_CHP!$B$1:$B$10000="G-INTC-IMP00-AT")*1,([1]OUT_Electricity_CHP!$C$1:$C$10000="Var_Fout")*1,ISNUMBER(SEARCH("ELC",[1]OUT_Electricity_CHP!$D$1:$D$10000))*1,[1]OUT_Electricity_CHP!F$1:F$10000)} -> 0.009146866 | H52: {=SUMPRODUCT(([1]OUT_Electricity_CHP!$B$1:$B$10000="G-INTC-IMP00-AT")*1,([1]OUT_Electricity_CHP!$C$1:$C$10000="Var_Fout")*1,ISNUMBER(SEARCH("ELC",[1]OUT_Electricity_CHP!$D$1:$D$10000))*1,[1]OUT_Electricity_CHP!G$1:G$10000)} -> 0.0070693442 | I52: {=SUMPRODUCT(([1]OUT_Electricity_CHP!$B$1:$B$10000="G-INTC-IMP00-AT")*1,([1]OUT_Electricity_CHP!$C$1:$C$10000="Var_Fout")*1,ISNUMBER(SEARCH("ELC",[1]OUT_Electricity_CHP!$D$1:$D$10000))*1,[1]OUT_Electricity_CHP!H$1:H$10000)} -> 0.0075338804 | J52: {=SUMPRODUCT(([1]OUT_Electricity_CHP!$B$1:$B$10000="G-INTC-IMP00-AT")*1,([1]OUT_Electricity_CHP!$C$1:$C$10000="Var_Fout")*1,ISNUMBER(SEARCH("ELC",[1]OUT_Electricity_CHP!$D$1:$D$10000))*1,[1]OUT_Electricity_CHP!I$1:I$10000)} -> 0.0053182394 | K52: {=SUMPRODUCT(([1]OUT_Electricity_CHP!$B$1:$B$10000="G-INTC-IMP00-AT")*1,([1]OUT_Electricity_CHP!$C$1:$C$10000="Var_Fout")*1,ISNUMBER(SEARCH("ELC",[1]OUT_Electricity_CHP!$D$1:$D$10000))*1,[1]OUT_Electricity_CHP!J$1:J$10000)} -> 0.0041892739 | L52: {=SUMPRODUCT(([1]OUT_Electricity_CHP!$B$1:$B$10000="G-INTC-IMP00-AT")*1,([1]OUT_Electricity_CHP!$C$1:$C$10000="Var_Fout")*1,ISNUMBER(SEARCH("ELC",[1]OUT_Electricity_CHP!$D$1:$D$10000))*1,[1]OUT_Electricity_CHP!K$1:K$10000)} -> 0.0032435279 | M52: {=SUMPRODUCT(([1]OUT_Electricity_CHP!$B$1:$B$10000="G-INTC-IMP00-AT")*1,([1]OUT_Electricity_CHP!$C$1:$C$10000="Var_Fout")*1,ISNUMBER(SEARCH("ELC",[1]OUT_Electricity_CHP!$D$1:$D$10000))*1,[1]OUT_Electricity_CHP!L$1:L$10000)} -> 0.0047618092 | ... Q52: {=SUMPRODUCT(([1]OUT_Electricity_CHP!$B$1:$B$10000="G-INTC-IMP00-AT")*1,([1]OUT_Electricity_CHP!$C$1:$C$10000="Var_Fout")*1,ISNUMBER(SEARCH("ELC",[1]OUT_Electricity_CHP!$D$1:$D$10000))*1,[1]OUT_Electricity_CHP!P$1:P$10000)} -> 0.029124298
A53: =A52 -> STEM | B53: =B52 -> SPS1 | C53: =C52 -> CH | D53: Imports|Electricity|France | E53: PJ/yr. | F53: {=SUMPRODUCT(([1]OUT_Electricity_CHP!$B$1:$B$10000="G-INTC-IMP00-fr")*1,([1]OUT_Electricity_CHP!$C$1:$C$10000="Var_Fout")*1,ISNUMBER(SEARCH("ELC",[1]OUT_Electricity_CHP!$D$1:$D$10000))*1,[1]OUT_Electricity_CHP!E$1:E$10000)} -> 28.948621 | G53: {=SUMPRODUCT(([1]OUT_Electricity_CHP!$B$1:$B$10000="G-INTC-IMP00-fr")*1,([1]OUT_Electricity_CHP!$C$1:$C$10000="Var_Fout")*1,ISNUMBER(SEARCH("ELC",[1]OUT_Electricity_CHP!$D$1:$D$10000))*1,[1]OUT_Electricity_CHP!F$1:F$10000)} -> 17.818661 | H53: {=SUMPRODUCT(([1]OUT_Electricity_CHP!$B$1:$B$10000="G-INTC-IMP00-fr")*1,([1]OUT_Electricity_CHP!$C$1:$C$10000="Var_Fout")*1,ISNUMBER(SEARCH("ELC",[1]OUT_Electricity_CHP!$D$1:$D$10000))*1,[1]OUT_Electricity_CHP!G$1:G$10000)} -> 21.478962 | I53: {=SUMPRODUCT(([1]OUT_Electricity_CHP!$B$1:$B$10000="G-INTC-IMP00-fr")*1,([1]OUT_Electricity_CHP!$C$1:$C$10000="Var_Fout")*1,ISNUMBER(SEARCH("ELC",[1]OUT_Electricity_CHP!$D$1:$D$10000))*1,[1]OUT_Electricity_CHP!H$1:H$10000)} -> 15.211406 | J53: {=SUMPRODUCT(([1]OUT_Electricity_CHP!$B$1:$B$10000="G-INTC-IMP00-fr")*1,([1]OUT_Electricity_CHP!$C$1:$C$10000="Var_Fout")*1,ISNUMBER(SEARCH("ELC",[1]OUT_Electricity_CHP!$D$1:$D$10000))*1,[1]OUT_Electricity_CHP!I$1:I$10000)} -> 21.432277 | K53: {=SUMPRODUCT(([1]OUT_Electricity_CHP!$B$1:$B$10000="G-INTC-IMP00-fr")*1,([1]OUT_Electricity_CHP!$C$1:$C$10000="Var_Fout")*1,ISNUMBER(SEARCH("ELC",[1]OUT_Electricity_CHP!$D$1:$D$10000))*1,[1]OUT_Electricity_CHP!J$1:J$10000)} -> 29.777749 | L53: {=SUMPRODUCT(([1]OUT_Electricity_CHP!$B$1:$B$10000="G-INTC-IMP00-fr")*1,([1]OUT_Electricity_CHP!$C$1:$C$10000="Var_Fout")*1,ISNUMBER(SEARCH("ELC",[1]OUT_Electricity_CHP!$D$1:$D$10000))*1,[1]OUT_Electricity_CHP!K$1:K$10000)} -> 35.905327 | M53: {=SUMPRODUCT(([1]OUT_Electricity_CHP!$B$1:$B$10000="G-INTC-IMP00-fr")*1,([1]OUT_Electricity_CHP!$C$1:$C$10000="Var_Fout")*1,ISNUMBER(SEARCH("ELC",[1]OUT_Electricity_CHP!$D$1:$D$10000))*1,[1]OUT_Electricity_CHP!L$1:L$10000)} -> 33.42655 | ... Q53: {=SUMPRODUCT(([1]OUT_Electricity_CHP!$B$1:$B$10000="G-INTC-IMP00-fr")*1,([1]OUT_Electricity_CHP!$C$1:$C$10000="Var_Fout")*1,ISNUMBER(SEARCH("ELC",[1]OUT_Electricity_CHP!$D$1:$D$10000))*1,[1]OUT_Electricity_CHP!P$1:P$10000)} -> 69.160715
A54: =A53 -> STEM | B54: =B53 -> SPS1 | C54: =C53 -> CH | D54: Imports|Electricity|Germany | E54: PJ/yr. | F54: {=SUMPRODUCT(([1]OUT_Electricity_CHP!$B$1:$B$10000="G-INTC-IMP00-de")*1,([1]OUT_Electricity_CHP!$C$1:$C$10000="Var_Fout")*1,ISNUMBER(SEARCH("ELC",[1]OUT_Electricity_CHP!$D$1:$D$10000))*1,[1]OUT_Electricity_CHP!E$1:E$10000)} -> 46.398476 | G54: {=SUMPRODUCT(([1]OUT_Electricity_CHP!$B$1:$B$10000="G-INTC-IMP00-de")*1,([1]OUT_Electricity_CHP!$C$1:$C$10000="Var_Fout")*1,ISNUMBER(SEARCH("ELC",[1]OUT_Electricity_CHP!$D$1:$D$10000))*1,[1]OUT_Electricity_CHP!F$1:F$10000)} -> 32.446922 | H54: {=SUMPRODUCT(([1]OUT_Electricity_CHP!$B$1:$B$10000="G-INTC-IMP00-de")*1,([1]OUT_Electricity_CHP!$C$1:$C$10000="Var_Fout")*1,ISNUMBER(SEARCH("ELC",[1]OUT_Electricity_CHP!$D$1:$D$10000))*1,[1]OUT_Electricity_CHP!G$1:G$10000)} -> 28.966988 | I54: {=SUMPRODUCT(([1]OUT_Electricity_CHP!$B$1:$B$10000="G-INTC-IMP00-de")*1,([1]OUT_Electricity_CHP!$C$1:$C$10000="Var_Fout")*1,ISNUMBER(SEARCH("ELC",[1]OUT_Electricity_CHP!$D$1:$D$10000))*1,[1]OUT_Electricity_CHP!H$1:H$10000)} -> 35.529054 | J54: {=SUMPRODUCT(([1]OUT_Electricity_CHP!$B$1:$B$10000="G-INTC-IMP00-de")*1,([1]OUT_Electricity_CHP!$C$1:$C$10000="Var_Fout")*1,ISNUMBER(SEARCH("ELC",[1]OUT_Electricity_CHP!$D$1:$D$10000))*1,[1]OUT_Electricity_CHP!I$1:I$10000)} -> 34.873528 | K54: {=SUMPRODUCT(([1]OUT_Electricity_CHP!$B$1:$B$10000="G-INTC-IMP00-de")*1,([1]OUT_Electricity_CHP!$C$1:$C$10000="Var_Fout")*1,ISNUMBER(SEARCH("ELC",[1]OUT_Electricity_CHP!$D$1:$D$10000))*1,[1]OUT_Electricity_CHP!J$1:J$10000)} -> 29.452634 | L54: {=SUMPRODUCT(([1]OUT_Electricity_CHP!$B$1:$B$10000="G-INTC-IMP00-de")*1,([1]OUT_Electricity_CHP!$C$1:$C$10000="Var_Fout")*1,ISNUMBER(SEARCH("ELC",[1]OUT_Electricity_CHP!$D$1:$D$10000))*1,[1]OUT_Electricity_CHP!K$1:K$10000)} -> 29.632955 | M54: {=SUMPRODUCT(([1]OUT_Electricity_CHP!$B$1:$B$10000="G-INTC-IMP00-de")*1,([1]OUT_Electricity_CHP!$C$1:$C$10000="Var_Fout")*1,ISNUMBER(SEARCH("ELC",[1]OUT_Electricity_CHP!$D$1:$D$10000))*1,[1]OUT_Electricity_CHP!L$1:L$10000)} -> 29.496898 | ... Q54: {=SUMPRODUCT(([1]OUT_Electricity_CHP!$B$1:$B$10000="G-INTC-IMP00-de")*1,([1]OUT_Electricity_CHP!$C$1:$C$10000="Var_Fout")*1,ISNUMBER(SEARCH("ELC",[1]OUT_Electricity_CHP!$D$1:$D$10000))*1,[1]OUT_Electricity_CHP!P$1:P$10000)} -> 0.0036473145
A55: =A54 -> STEM | B55: =B54 -> SPS1 | C55: =C54 -> CH | D55: Imports|Electricity|Italy | E55: PJ/yr. | F55: {=SUMPRODUCT(([1]OUT_Electricity_CHP!$B$1:$B$10000="G-INTC-IMP00-it")*1,([1]OUT_Electricity_CHP!$C$1:$C$10000="Var_Fout")*1,ISNUMBER(SEARCH("ELC",[1]OUT_Electricity_CHP!$D$1:$D$10000))*1,[1]OUT_Electricity_CHP!E$1:E$10000)} -> 6.7990989 | G55: {=SUMPRODUCT(([1]OUT_Electricity_CHP!$B$1:$B$10000="G-INTC-IMP00-it")*1,([1]OUT_Electricity_CHP!$C$1:$C$10000="Var_Fout")*1,ISNUMBER(SEARCH("ELC",[1]OUT_Electricity_CHP!$D$1:$D$10000))*1,[1]OUT_Electricity_CHP!F$1:F$10000)} -> 0.00035610191 | H55: {=SUMPRODUCT(([1]OUT_Electricity_CHP!$B$1:$B$10000="G-INTC-IMP00-it")*1,([1]OUT_Electricity_CHP!$C$1:$C$10000="Var_Fout")*1,ISNUMBER(SEARCH("ELC",[1]OUT_Electricity_CHP!$D$1:$D$10000))*1,[1]OUT_Electricity_CHP!G$1:G$10000)} -> 0.00029877084 | I55: {=SUMPRODUCT(([1]OUT_Electricity_CHP!$B$1:$B$10000="G-INTC-IMP00-it")*1,([1]OUT_Electricity_CHP!$C$1:$C$10000="Var_Fout")*1,ISNUMBER(SEARCH("ELC",[1]OUT_Electricity_CHP!$D$1:$D$10000))*1,[1]OUT_Electricity_CHP!H$1:H$10000)} -> 0.0001329216 | J55: {=SUMPRODUCT(([1]OUT_Electricity_CHP!$B$1:$B$10000="G-INTC-IMP00-it")*1,([1]OUT_Electricity_CHP!$C$1:$C$10000="Var_Fout")*1,ISNUMBER(SEARCH("ELC",[1]OUT_Electricity_CHP!$D$1:$D$10000))*1,[1]OUT_Electricity_CHP!I$1:I$10000)} -> 0.00019621708 | K55: {=SUMPRODUCT(([1]OUT_Electricity_CHP!$B$1:$B$10000="G-INTC-IMP00-it")*1,([1]OUT_Electricity_CHP!$C$1:$C$10000="Var_Fout")*1,ISNUMBER(SEARCH("ELC",[1]OUT_Electricity_CHP!$D$1:$D$10000))*1,[1]OUT_Electricity_CHP!J$1:J$10000)} -> 0.0002159064 | L55: {=SUMPRODUCT(([1]OUT_Electricity_CHP!$B$1:$B$10000="G-INTC-IMP00-it")*1,([1]OUT_Electricity_CHP!$C$1:$C$10000="Var_Fout")*1,ISNUMBER(SEARCH("ELC",[1]OUT_Electricity_CHP!$D$1:$D$10000))*1,[1]OUT_Electricity_CHP!K$1:K$10000)} -> 0.00022579907 | M55: {=SUMPRODUCT(([1]OUT_Electricity_CHP!$B$1:$B$10000="G-INTC-IMP00-it")*1,([1]OUT_Electricity_CHP!$C$1:$C$10000="Var_Fout")*1,ISNUMBER(SEARCH("ELC",[1]OUT_Electricity_CHP!$D$1:$D$10000))*1,[1]OUT_Electricity_CHP!L$1:L$10000)} -> 0.00024510014 | ... Q55: {=SUMPRODUCT(([1]OUT_Electricity_CHP!$B$1:$B$10000="G-INTC-IMP00-it")*1,([1]OUT_Electricity_CHP!$C$1:$C$10000="Var_Fout")*1,ISNUMBER(SEARCH("ELC",[1]OUT_Electricity_CHP!$D$1:$D$10000))*1,[1]OUT_Electricity_CHP!P$1:P$10000)} -> 0.00037808888
A56: =A55 -> STEM | B56: =B55 -> SPS1 | C56: =C55 -> CH | D56: Imports|Hydrogen | E56: PJ/yr. | F56: {=SUMPRODUCT(("h2"=[1]OUT_PrimaryEnergyCons!$C$4:$C$10000)*1,[1]OUT_PrimaryEnergyCons!D$4:D$10000)} -> 0 | G56: {=SUMPRODUCT(("h2"=[1]OUT_PrimaryEnergyCons!$C$4:$C$10000)*1,[1]OUT_PrimaryEnergyCons!E$4:E$10000)} -> 0 | H56: {=SUMPRODUCT(("h2"=[1]OUT_PrimaryEnergyCons!$C$4:$C$10000)*1,[1]OUT_PrimaryEnergyCons!F$4:F$10000)} -> 0 | I56: {=SUMPRODUCT(("h2"=[1]OUT_PrimaryEnergyCons!$C$4:$C$10000)*1,[1]OUT_PrimaryEnergyCons!G$4:G$10000)} -> 0 | J56: {=SUMPRODUCT(("h2"=[1]OUT_PrimaryEnergyCons!$C$4:$C$10000)*1,[1]OUT_PrimaryEnergyCons!H$4:H$10000)} -> 0 | K56: {=SUMPRODUCT(("h2"=[1]OUT_PrimaryEnergyCons!$C$4:$C$10000)*1,[1]OUT_PrimaryEnergyCons!I$4:I$10000)} -> 0.0017623768 | L56: {=SUMPRODUCT(("h2"=[1]OUT_PrimaryEnergyCons!$C$4:$C$10000)*1,[1]OUT_PrimaryEnergyCons!J$4:J$10000)} -> 0.0017848335 | M56: {=SUMPRODUCT(("h2"=[1]OUT_PrimaryEnergyCons!$C$4:$C$10000)*1,[1]OUT_PrimaryEnergyCons!K$4:K$10000)} -> 0.0013634011 | ... Q56: {=SUMPRODUCT(("h2"=[1]OUT_PrimaryEnergyCons!$C$4:$C$10000)*1,[1]OUT_PrimaryEnergyCons!O$4:O$10000)} -> 0.0016566897
A57: =A55 -> STEM | B57: =B55 -> SPS1 | C57: =C55 -> CH | D57: Exports | E57: PJ/yr. | F57: =F58 -> 117.17 | G57: =G58 -> 35.79151 | H57: =H58 -> 64.432103 | I57: =I58 -> 81.291294 | J57: =J58 -> 65.507257 | K57: =K58 -> 43.396189 | L57: =L58 -> 25.674153 | M57: =M58 -> 28.134891 | ... Q57: =Q58 -> 41.562061
A58: =A57 -> STEM | B58: =B57 -> SPS1 | C58: =C57 -> CH | D58: Exports|Electricity | E58: =E57 -> PJ/yr. | F58: =SUM(F59:F62) -> 117.17 | G58: =SUM(G59:G62) -> 35.79151 | H58: =SUM(H59:H62) -> 64.432103 | I58: =SUM(I59:I62) -> 81.291294 | J58: =SUM(J59:J62) -> 65.507257 | K58: =SUM(K59:K62) -> 43.396189 | L58: =SUM(L59:L62) -> 25.674153 | M58: =SUM(M59:M62) -> 28.134891 | ... Q58: =SUM(Q59:Q62) -> 41.562061
A59: =A58 -> STEM | B59: =B58 -> SPS1 | C59: =C58 -> CH | D59: Exports|Electricity|Austria | E59: =E58 -> PJ/yr. | F59: {=SUMPRODUCT(([1]OUT_Electricity_CHP!$B$1:$B$10000="G-INTC-exp00-AT")*1,([1]OUT_Electricity_CHP!$C$1:$C$10000="Var_Fout")*1,ISNUMBER(SEARCH("ELC",[1]OUT_Electricity_CHP!$D$1:$D$10000))*1,[1]OUT_Electricity_CHP!E$1:E$10000)} -> 6.2295561 | G59: {=SUMPRODUCT(([1]OUT_Electricity_CHP!$B$1:$B$10000="G-INTC-exp00-AT")*1,([1]OUT_Electricity_CHP!$C$1:$C$10000="Var_Fout")*1,ISNUMBER(SEARCH("ELC",[1]OUT_Electricity_CHP!$D$1:$D$10000))*1,[1]OUT_Electricity_CHP!F$1:F$10000)} -> 0.00051719661 | H59: {=SUMPRODUCT(([1]OUT_Electricity_CHP!$B$1:$B$10000="G-INTC-exp00-AT")*1,([1]OUT_Electricity_CHP!$C$1:$C$10000="Var_Fout")*1,ISNUMBER(SEARCH("ELC",[1]OUT_Electricity_CHP!$D$1:$D$10000))*1,[1]OUT_Electricity_CHP!G$1:G$10000)} -> 0.00057311456 | I59: {=SUMPRODUCT(([1]OUT_Electricity_CHP!$B$1:$B$10000="G-INTC-exp00-AT")*1,([1]OUT_Electricity_CHP!$C$1:$C$10000="Var_Fout")*1,ISNUMBER(SEARCH("ELC",[1]OUT_Electricity_CHP!$D$1:$D$10000))*1,[1]OUT_Electricity_CHP!H$1:H$10000)} -> 0.00012494087 | J59: {=SUMPRODUCT(([1]OUT_Electricity_CHP!$B$1:$B$10000="G-INTC-exp00-AT")*1,([1]OUT_Electricity_CHP!$C$1:$C$10000="Var_Fout")*1,ISNUMBER(SEARCH("ELC",[1]OUT_Electricity_CHP!$D$1:$D$10000))*1,[1]OUT_Electricity_CHP!I$1:I$10000)} -> 0.00015192794 | K59: {=SUMPRODUCT(([1]OUT_Electricity_CHP!$B$1:$B$10000="G-INTC-exp00-AT")*1,([1]OUT_Electricity_CHP!$C$1:$C$10000="Var_Fout")*1,ISNUMBER(SEARCH("ELC",[1]OUT_Electricity_CHP!$D$1:$D$10000))*1,[1]OUT_Electricity_CHP!J$1:J$10000)} -> 0.00014471765 | L59: {=SUMPRODUCT(([1]OUT_Electricity_CHP!$B$1:$B$10000="G-INTC-exp00-AT")*1,([1]OUT_Electricity_CHP!$C$1:$C$10000="Var_Fout")*1,ISNUMBER(SEARCH("ELC",[1]OUT_Electricity_CHP!$D$1:$D$10000))*1,[1]OUT_Electricity_CHP!K$1:K$10000)} -> 0.00011788158 | M59: {=SUMPRODUCT(([1]OUT_Electricity_CHP!$B$1:$B$10000="G-INTC-exp00-AT")*1,([1]OUT_Electricity_CHP!$C$1:$C$10000="Var_Fout")*1,ISNUMBER(SEARCH("ELC",[1]OUT_Electricity_CHP!$D$1:$D$10000))*1,[1]OUT_Electricity_CHP!L$1:L$10000)} -> 0.00011509455 | ... Q59: {=SUMPRODUCT(([1]OUT_Electricity_CHP!$B$1:$B$10000="G-INTC-exp00-AT")*1,([1]OUT_Electricity_CHP!$C$1:$C$10000="Var_Fout")*1,ISNUMBER(SEARCH("ELC",[1]OUT_Electricity_CHP!$D$1:$D$10000))*1,[1]OUT_Electricity_CHP!P$1:P$10000)} -> 0.00016655506
A60: =A59 -> STEM | B60: =B59 -> SPS1 | C60: =C59 -> CH | D60: Exports|Electricity|France | E60: =E59 -> PJ/yr. | F60: {=SUMPRODUCT(([1]OUT_Electricity_CHP!$B$1:$B$10000="G-INTC-exp00-fr")*1,([1]OUT_Electricity_CHP!$C$1:$C$10000="Var_Fout")*1,ISNUMBER(SEARCH("ELC",[1]OUT_Electricity_CHP!$D$1:$D$10000))*1,[1]OUT_Electricity_CHP!E$1:E$10000)} -> 12.753359 | G60: {=SUMPRODUCT(([1]OUT_Electricity_CHP!$B$1:$B$10000="G-INTC-exp00-fr")*1,([1]OUT_Electricity_CHP!$C$1:$C$10000="Var_Fout")*1,ISNUMBER(SEARCH("ELC",[1]OUT_Electricity_CHP!$D$1:$D$10000))*1,[1]OUT_Electricity_CHP!F$1:F$10000)} -> 0.00040226463 | H60: {=SUMPRODUCT(([1]OUT_Electricity_CHP!$B$1:$B$10000="G-INTC-exp00-fr")*1,([1]OUT_Electricity_CHP!$C$1:$C$10000="Var_Fout")*1,ISNUMBER(SEARCH("ELC",[1]OUT_Electricity_CHP!$D$1:$D$10000))*1,[1]OUT_Electricity_CHP!G$1:G$10000)} -> 0.00039773303 | I60: {=SUMPRODUCT(([1]OUT_Electricity_CHP!$B$1:$B$10000="G-INTC-exp00-fr")*1,([1]OUT_Electricity_CHP!$C$1:$C$10000="Var_Fout")*1,ISNUMBER(SEARCH("ELC",[1]OUT_Electricity_CHP!$D$1:$D$10000))*1,[1]OUT_Electricity_CHP!H$1:H$10000)} -> 0.00026980534 | J60: {=SUMPRODUCT(([1]OUT_Electricity_CHP!$B$1:$B$10000="G-INTC-exp00-fr")*1,([1]OUT_Electricity_CHP!$C$1:$C$10000="Var_Fout")*1,ISNUMBER(SEARCH("ELC",[1]OUT_Electricity_CHP!$D$1:$D$10000))*1,[1]OUT_Electricity_CHP!I$1:I$10000)} -> 0.00040543468 | K60: {=SUMPRODUCT(([1]OUT_Electricity_CHP!$B$1:$B$10000="G-INTC-exp00-fr")*1,([1]OUT_Electricity_CHP!$C$1:$C$10000="Var_Fout")*1,ISNUMBER(SEARCH("ELC",[1]OUT_Electricity_CHP!$D$1:$D$10000))*1,[1]OUT_Electricity_CHP!J$1:J$10000)} -> 0.00041237222 | L60: {=SUMPRODUCT(([1]OUT_Electricity_CHP!$B$1:$B$10000="G-INTC-exp00-fr")*1,([1]OUT_Electricity_CHP!$C$1:$C$10000="Var_Fout")*1,ISNUMBER(SEARCH("ELC",[1]OUT_Electricity_CHP!$D$1:$D$10000))*1,[1]OUT_Electricity_CHP!K$1:K$10000)} -> 0.00032149916 | M60: {=SUMPRODUCT(([1]OUT_Electricity_CHP!$B$1:$B$10000="G-INTC-exp00-fr")*1,([1]OUT_Electricity_CHP!$C$1:$C$10000="Var_Fout")*1,ISNUMBER(SEARCH("ELC",[1]OUT_Electricity_CHP!$D$1:$D$10000))*1,[1]OUT_Electricity_CHP!L$1:L$10000)} -> 0.00039359997 | ... Q60: {=SUMPRODUCT(([1]OUT_Electricity_CHP!$B$1:$B$10000="G-INTC-exp00-fr")*1,([1]OUT_Electricity_CHP!$C$1:$C$10000="Var_Fout")*1,ISNUMBER(SEARCH("ELC",[1]OUT_Electricity_CHP!$D$1:$D$10000))*1,[1]OUT_Electricity_CHP!P$1:P$10000)} -> 0.00065234394
A61: =A60 -> STEM | B61: =B60 -> SPS1 | C61: =C60 -> CH | D61: Exports|Electricity|Germany | E61: =E60 -> PJ/yr. | F61: {=SUMPRODUCT(([1]OUT_Electricity_CHP!$B$1:$B$10000="G-INTC-exp00-de")*1,([1]OUT_Electricity_CHP!$C$1:$C$10000="Var_Fout")*1,ISNUMBER(SEARCH("ELC",[1]OUT_Electricity_CHP!$D$1:$D$10000))*1,[1]OUT_Electricity_CHP!E$1:E$10000)} -> 26.492979 | G61: {=SUMPRODUCT(([1]OUT_Electricity_CHP!$B$1:$B$10000="G-INTC-exp00-de")*1,([1]OUT_Electricity_CHP!$C$1:$C$10000="Var_Fout")*1,ISNUMBER(SEARCH("ELC",[1]OUT_Electricity_CHP!$D$1:$D$10000))*1,[1]OUT_Electricity_CHP!F$1:F$10000)} -> 0.0003007954 | H61: {=SUMPRODUCT(([1]OUT_Electricity_CHP!$B$1:$B$10000="G-INTC-exp00-de")*1,([1]OUT_Electricity_CHP!$C$1:$C$10000="Var_Fout")*1,ISNUMBER(SEARCH("ELC",[1]OUT_Electricity_CHP!$D$1:$D$10000))*1,[1]OUT_Electricity_CHP!G$1:G$10000)} -> 0.00032046473 | I61: {=SUMPRODUCT(([1]OUT_Electricity_CHP!$B$1:$B$10000="G-INTC-exp00-de")*1,([1]OUT_Electricity_CHP!$C$1:$C$10000="Var_Fout")*1,ISNUMBER(SEARCH("ELC",[1]OUT_Electricity_CHP!$D$1:$D$10000))*1,[1]OUT_Electricity_CHP!H$1:H$10000)} -> 0.00030862264 | J61: {=SUMPRODUCT(([1]OUT_Electricity_CHP!$B$1:$B$10000="G-INTC-exp00-de")*1,([1]OUT_Electricity_CHP!$C$1:$C$10000="Var_Fout")*1,ISNUMBER(SEARCH("ELC",[1]OUT_Electricity_CHP!$D$1:$D$10000))*1,[1]OUT_Electricity_CHP!I$1:I$10000)} -> 0.00041225534 | K61: {=SUMPRODUCT(([1]OUT_Electricity_CHP!$B$1:$B$10000="G-INTC-exp00-de")*1,([1]OUT_Electricity_CHP!$C$1:$C$10000="Var_Fout")*1,ISNUMBER(SEARCH("ELC",[1]OUT_Electricity_CHP!$D$1:$D$10000))*1,[1]OUT_Electricity_CHP!J$1:J$10000)} -> 0.00045599851 | L61: {=SUMPRODUCT(([1]OUT_Electricity_CHP!$B$1:$B$10000="G-INTC-exp00-de")*1,([1]OUT_Electricity_CHP!$C$1:$C$10000="Var_Fout")*1,ISNUMBER(SEARCH("ELC",[1]OUT_Electricity_CHP!$D$1:$D$10000))*1,[1]OUT_Electricity_CHP!K$1:K$10000)} -> 0.00033255166 | M61: {=SUMPRODUCT(([1]OUT_Electricity_CHP!$B$1:$B$10000="G-INTC-exp00-de")*1,([1]OUT_Electricity_CHP!$C$1:$C$10000="Var_Fout")*1,ISNUMBER(SEARCH("ELC",[1]OUT_Electricity_CHP!$D$1:$D$10000))*1,[1]OUT_Electricity_CHP!L$1:L$10000)} -> 0.00024261462 | ... Q61: {=SUMPRODUCT(([1]OUT_Electricity_CHP!$B$1:$B$10000="G-INTC-exp00-de")*1,([1]OUT_Electricity_CHP!$C$1:$C$10000="Var_Fout")*1,ISNUMBER(SEARCH("ELC",[1]OUT_Electricity_CHP!$D$1:$D$10000))*1,[1]OUT_Electricity_CHP!P$1:P$10000)} -> 0.00046236781
A62: =A61 -> STEM | B62: =B61 -> SPS1 | C62: =C61 -> CH | D62: Exports|Electricity|Italy | E62: =E61 -> PJ/yr. | F62: {=SUMPRODUCT(([1]OUT_Electricity_CHP!$B$1:$B$10000="G-INTC-exp00-it")*1,([1]OUT_Electricity_CHP!$C$1:$C$10000="Var_Fout")*1,ISNUMBER(SEARCH("ELC",[1]OUT_Electricity_CHP!$D$1:$D$10000))*1,[1]OUT_Electricity_CHP!E$1:E$10000)} -> 71.694108 | G62: {=SUMPRODUCT(([1]OUT_Electricity_CHP!$B$1:$B$10000="G-INTC-exp00-it")*1,([1]OUT_Electricity_CHP!$C$1:$C$10000="Var_Fout")*1,ISNUMBER(SEARCH("ELC",[1]OUT_Electricity_CHP!$D$1:$D$10000))*1,[1]OUT_Electricity_CHP!F$1:F$10000)} -> 35.790289 | H62: {=SUMPRODUCT(([1]OUT_Electricity_CHP!$B$1:$B$10000="G-INTC-exp00-it")*1,([1]OUT_Electricity_CHP!$C$1:$C$10000="Var_Fout")*1,ISNUMBER(SEARCH("ELC",[1]OUT_Electricity_CHP!$D$1:$D$10000))*1,[1]OUT_Electricity_CHP!G$1:G$10000)} -> 64.430812 | I62: {=SUMPRODUCT(([1]OUT_Electricity_CHP!$B$1:$B$10000="G-INTC-exp00-it")*1,([1]OUT_Electricity_CHP!$C$1:$C$10000="Var_Fout")*1,ISNUMBER(SEARCH("ELC",[1]OUT_Electricity_CHP!$D$1:$D$10000))*1,[1]OUT_Electricity_CHP!H$1:H$10000)} -> 81.29059 | J62: {=SUMPRODUCT(([1]OUT_Electricity_CHP!$B$1:$B$10000="G-INTC-exp00-it")*1,([1]OUT_Electricity_CHP!$C$1:$C$10000="Var_Fout")*1,ISNUMBER(SEARCH("ELC",[1]OUT_Electricity_CHP!$D$1:$D$10000))*1,[1]OUT_Electricity_CHP!I$1:I$10000)} -> 65.506287 | K62: {=SUMPRODUCT(([1]OUT_Electricity_CHP!$B$1:$B$10000="G-INTC-exp00-it")*1,([1]OUT_Electricity_CHP!$C$1:$C$10000="Var_Fout")*1,ISNUMBER(SEARCH("ELC",[1]OUT_Electricity_CHP!$D$1:$D$10000))*1,[1]OUT_Electricity_CHP!J$1:J$10000)} -> 43.395176 | L62: {=SUMPRODUCT(([1]OUT_Electricity_CHP!$B$1:$B$10000="G-INTC-exp00-it")*1,([1]OUT_Electricity_CHP!$C$1:$C$10000="Var_Fout")*1,ISNUMBER(SEARCH("ELC",[1]OUT_Electricity_CHP!$D$1:$D$10000))*1,[1]OUT_Electricity_CHP!K$1:K$10000)} -> 25.673381 | M62: {=SUMPRODUCT(([1]OUT_Electricity_CHP!$B$1:$B$10000="G-INTC-exp00-it")*1,([1]OUT_Electricity_CHP!$C$1:$C$10000="Var_Fout")*1,ISNUMBER(SEARCH("ELC",[1]OUT_Electricity_CHP!$D$1:$D$10000))*1,[1]OUT_Electricity_CHP!L$1:L$10000)} -> 28.134139 | ... Q62: {=SUMPRODUCT(([1]OUT_Electricity_CHP!$B$1:$B$10000="G-INTC-exp00-it")*1,([1]OUT_Electricity_CHP!$C$1:$C$10000="Var_Fout")*1,ISNUMBER(SEARCH("ELC",[1]OUT_Electricity_CHP!$D$1:$D$10000))*1,[1]OUT_Electricity_CHP!P$1:P$10000)} -> 41.560779
A63: =A62 -> STEM | B63: =B62 -> SPS1 | C63: =C62 -> CH | D63: Electricity generation | E63: PJ/yr. | F63: =SUM(F64,F66,F70,F82,F130,F151,F159,F161,F169,F173,F167) -> 251.16323 | G63: =SUM(G64,G66,G74,G82,G130,G151,G159,G161,G169,G173,G167) -> 229.63883 | H63: =SUM(H64,H66,H74,H82,H130,H151,H159,H161,H169,H173,H167) -> 256.25379 | I63: =SUM(I64,I66,I74,I82,I130,I151,I159,I161,I169,I173,I167) -> 289.50102 | J63: =SUM(J64,J66,J74,J82,J130,J151,J159,J161,J169,J173,J167) -> 279.64153 | K63: =SUM(K64,K66,K74,K82,K130,K151,K159,K161,K169,K173,K167) -> 259.747 | L63: =SUM(L64,L66,L74,L82,L130,L151,L159,L161,L169,L173,L167) -> 233.49683 | M63: =SUM(M64,M66,M74,M82,M130,M151,M159,M161,M169,M173,M167) -> 238.37665 | N63: =SUM(N64,N66,N74,N82,N130,N151,N159,N161,N169,N173,N167) -> 252.34121 | ... Q63: =SUM(Q64,Q66,Q74,Q82,Q130,Q151,Q159,Q161,Q169,Q173,Q167) -> 275.45512
A64: =A63 -> STEM | B64: =B63 -> SPS1 | C64: =C63 -> CH | D64: Electricity generation|Nuclear Fuel | E64: =E62 -> PJ/yr. | F64: =+F65 -> 82.76 | G64: =+G65 -> 83.109716 | H64: =+H65 -> 73.079984 | I64: =+I65 -> 73.080001 | J64: =+J65 -> 57.310226 | K64: =+K65 -> 33.166644 | L64: =+L65 -> 0 | M64: =+M65 -> 0 | ... Q64: =+Q65 -> 16.339244
A65: =A64 -> STEM | B65: =B64 -> SPS1 | C65: =C64 -> CH | D65: Electricity generation|Nuclear Fuel|Nuclear power plants | E65: =E63 -> PJ/yr. | F65: ='[1]Electricity and CHPs'!B14 -> 82.76 | G65: ='[1]Electricity and CHPs'!C14 -> 83.109716 | H65: ='[1]Electricity and CHPs'!D14 -> 73.079984 | I65: ='[1]Electricity and CHPs'!E14 -> 73.080001 | J65: ='[1]Electricity and CHPs'!F14 -> 57.310226 | K65: ='[1]Electricity and CHPs'!G14 -> 33.166644 | L65: ='[1]Electricity and CHPs'!H14 -> 0 | M65: ='[1]Electricity and CHPs'!I14 -> 0 | ... Q65: ='[1]Electricity and CHPs'!M14 -> 16.339244
A66: =A65 -> STEM | B66: =B65 -> SPS1 | C66: =C65 -> CH | D66: Electricity generation|Hydro | E66: =E65 -> PJ/yr. | F66: =SUM(F67:F69) -> 146.22 | G66: =SUM(G67:G69) -> 121.59717 | H66: =SUM(H67:H69) -> 140.3865 | I66: =SUM(I67:I69) -> 146.82478 | J66: =SUM(J67:J69) -> 146.86209 | K66: =SUM(K67:K69) -> 146.89249 | L66: =SUM(L67:L69) -> 146.92279 | M66: =SUM(M67:M69) -> 146.95525 | ... Q66: =SUM(Q67:Q69) -> 147.43706
A67: =A66 -> STEM | B67: =B66 -> SPS1 | C67: =C66 -> CH | D67: Electricity generation|Hydro|Hydro Large | E67: =E65 -> PJ/yr. | F67: ='[1]Electricity and CHPs'!B15 -> 66.74568 | G67: ='[1]Electricity and CHPs'!C15 -> 49.798809 | H67: ='[1]Electricity and CHPs'!D15 -> 68.535331 | I67: ='[1]Electricity and CHPs'!E15 -> 69.618852 | J67: ='[1]Electricity and CHPs'!F15 -> 70.703295 | K67: ='[1]Electricity and CHPs'!G15 -> 71.78804 | L67: ='[1]Electricity and CHPs'!H15 -> 72.872456 | M67: ='[1]Electricity and CHPs'!I15 -> 73.957468 | ... Q67: ='[1]Electricity and CHPs'!M15 -> 73.957069
A68: =A67 -> STEM | B68: =B67 -> SPS1 | C68: =C67 -> CH | D68: Electricity generation|Hydro|Hydro Run of River | E68: =E67 -> PJ/yr. | F68: ='[1]Electricity and CHPs'!B16 -> 66.6324 | G68: ='[1]Electricity and CHPs'!C16 -> 55.76401 | H68: ='[1]Electricity and CHPs'!D16 -> 65.550673 | I68: ='[1]Electricity and CHPs'!E16 -> 64.467168 | J68: ='[1]Electricity and CHPs'!F16 -> 63.382752 | K68: ='[1]Electricity and CHPs'!G16 -> 62.298008 | L68: ='[1]Electricity and CHPs'!H16 -> 61.213593 | M68: ='[1]Electricity and CHPs'!I16 -> 60.128581 | ... Q68: ='[1]Electricity and CHPs'!M16 -> 60.129
A69: =A68 -> STEM | B69: =B68 -> SPS1 | C69: =C68 -> CH | D69: Electricity generation|Hydro|Pump storage | E69: =E68 -> PJ/yr. | F69: ='[1]Electricity and CHPs'!B17 -> 12.84192 | G69: ='[1]Electricity and CHPs'!C17 -> 16.034353 | H69: ='[1]Electricity and CHPs'!D17 -> 6.3004971 | I69: ='[1]Electricity and CHPs'!E17 -> 12.738756 | J69: ='[1]Electricity and CHPs'!F17 -> 12.776041 | K69: ='[1]Electricity and CHPs'!G17 -> 12.806446 | L69: ='[1]Electricity and CHPs'!H17 -> 12.83674 | M69: ='[1]Electricity and CHPs'!I17 -> 12.869198 | ... Q69: ='[1]Electricity and CHPs'!M17 -> 13.35099
A70: =A61 -> STEM | B70: =B61 -> SPS1 | C70: =C61 -> CH | D70: Electricity generation|Oil | E70: =E61 -> PJ/yr. | F70: =SUM(F71:F73) -> 0.11190411 | G70: =SUM(G71:G73) -> 0.17153199 | H70: =SUM(H71:H73) -> 0.0064236351 | I70: =SUM(I71:I73) -> 0.17153197 | J70: =SUM(J71:J73) -> 0.17153673 | K70: =SUM(K71:K73) -> 0.021247843 | L70: =SUM(L71:L73) -> 0.02753912 | M70: =SUM(M71:M73) -> 0.032242938 | ... Q70: =SUM(Q71:Q73) -> 0.047261511
A71: =A70 -> STEM | B71: =B70 -> SPS1 | C71: =C70 -> CH | D71: Electricity generation|Oil|Peak devices | E71: =E61 -> PJ/yr. | F71: ='[1]Electricity and CHPs'!B18 -> 0.039601033 | G71: ='[1]Electricity and CHPs'!C18 -> 3.1368589e-05 | H71: ='[1]Electricity and CHPs'!D18 -> 0.0029651282 | I71: ='[1]Electricity and CHPs'!E18 -> 0.0013292856 | J71: ='[1]Electricity and CHPs'!F18 -> 0.0017083645 | K71: ='[1]Electricity and CHPs'!G18 -> 0.0021808083 | L71: ='[1]Electricity and CHPs'!H18 -> 0.0063017937 | M71: ='[1]Electricity and CHPs'!I18 -> 0.010781611 | ... Q71: ='[1]Electricity and CHPs'!M18 -> 0.024927356
A72: =A71 -> STEM | B72: =B71 -> SPS1 | C72: =C71 -> CH | D72: Electricity generation|Oil|CHP Oil (for District Heating) | E72: =E126 -> PJ/yr. | F72: ='[1]Electricity and CHPs'!B28 -> 0.0018010385 | G72: ='[1]Electricity and CHPs'!C28 -> 2.1297089e-05 | H72: ='[1]Electricity and CHPs'!D28 -> 0.00084522233 | I72: ='[1]Electricity and CHPs'!E28 -> 0.00053657222 | J72: ='[1]Electricity and CHPs'!F28 -> 0.00082958064 | K72: ='[1]Electricity and CHPs'!G28 -> 0.00085932126 | L72: ='[1]Electricity and CHPs'!H28 -> 0.00090608955 | M72: ='[1]Electricity and CHPs'!I28 -> 0.0014758462 | ... Q72: ='[1]Electricity and CHPs'!M28 -> 0.0015202935
A73: =A72 -> STEM | B73: =B72 -> SPS1 | C73: =C72 -> CH | D73: Electricity generation|Oil|Industrial CHPs oil | E73: =E81 -> PJ/yr. | F73: ='[1]Electricity and CHPs'!B41 -> 0.070502039 | G73: ='[1]Electricity and CHPs'!C41 -> 0.17147932 | H73: ='[1]Electricity and CHPs'!D41 -> 0.0026132846 | I73: ='[1]Electricity and CHPs'!E41 -> 0.16966611 | J73: ='[1]Electricity and CHPs'!F41 -> 0.16899878 | K73: ='[1]Electricity and CHPs'!G41 -> 0.018207714 | L73: ='[1]Electricity and CHPs'!H41 -> 0.020331237 | M73: ='[1]Electricity and CHPs'!I41 -> 0.019985481 | ... Q73: ='[1]Electricity and CHPs'!M41 -> 0.020813861
A74: =A69 -> STEM | B74: =B69 -> SPS1 | C74: =C69 -> CH | D74: Electricity generation|Oil|Fossil liquids | E74: =E69 -> PJ/yr. | F74: =SUM(F75:F77) -> 0.11190411 | G74: =SUM(G75:G77) -> 0.17153199 | H74: =SUM(H75:H77) -> 0.0064236351 | I74: =SUM(I75:I77) -> 0.17153197 | J74: =SUM(J75:J77) -> 0.17153673 | K74: =SUM(K75:K77) -> 0.021247843 | L74: =SUM(L75:L77) -> 0.02753912 | M74: =SUM(M75:M77) -> 0.032242938 | ... Q74: =SUM(Q75:Q77) -> 0.047261511
A75: =A74 -> STEM | B75: =B74 -> SPS1 | C75: =C74 -> CH | D75: Electricity generation|Oil|Fossil liquids|Peak devices | E75: =E69 -> PJ/yr. | F75: =F71 -> 0.039601033 | G75: =G71 -> 3.1368589e-05 | H75: =H71 -> 0.0029651282 | I75: =I71 -> 0.0013292856 | J75: =J71 -> 0.0017083645 | K75: =K71 -> 0.0021808083 | L75: =L71 -> 0.0063017937 | M75: =M71 -> 0.010781611 | ... Q75: =Q71 -> 0.024927356
A76: =A75 -> STEM | B76: =B75 -> SPS1 | C76: =C75 -> CH | D76: Electricity generation|Oil|Fossil liquids|CHP Oil (for District Heating) | E76: =E134 -> PJ/yr. | F76: ='[1]Electricity and CHPs'!B28 -> 0.0018010385 | G76: ='[1]Electricity and CHPs'!C28 -> 2.1297089e-05 | H76: ='[1]Electricity and CHPs'!D28 -> 0.00084522233 | I76: ='[1]Electricity and CHPs'!E28 -> 0.00053657222 | J76: ='[1]Electricity and CHPs'!F28 -> 0.00082958064 | K76: ='[1]Electricity and CHPs'!G28 -> 0.00085932126 | L76: ='[1]Electricity and CHPs'!H28 -> 0.00090608955 | M76: ='[1]Electricity and CHPs'!I28 -> 0.0014758462 | ... Q76: ='[1]Electricity and CHPs'!M28 -> 0.0015202935
A77: =A76 -> STEM | B77: =B76 -> SPS1 | C77: =C76 -> CH | D77: Electricity generation|Oil|Fossil liquids|Industrial CHPs oil | E77: =E89 -> PJ/yr. | F77: ='[1]Electricity and CHPs'!B41 -> 0.070502039 | G77: ='[1]Electricity and CHPs'!C41 -> 0.17147932 | H77: ='[1]Electricity and CHPs'!D41 -> 0.0026132846 | I77: ='[1]Electricity and CHPs'!E41 -> 0.16966611 | J77: ='[1]Electricity and CHPs'!F41 -> 0.16899878 | K77: ='[1]Electricity and CHPs'!G41 -> 0.018207714 | L77: ='[1]Electricity and CHPs'!H41 -> 0.020331237 | M77: ='[1]Electricity and CHPs'!I41 -> 0.019985481 | ... Q77: ='[1]Electricity and CHPs'!M41 -> 0.020813861
A78: =A76 -> STEM | B78: =B76 -> SPS1 | C78: =C76 -> CH | D78: Electricity generation|Oil|Synthetic liquids | E78: =E75 -> PJ/yr. | F78: =SUM(F79:F81) -> 0 | G78: =SUM(G79:G81) -> 0 | H78: =SUM(H79:H81) -> 0 | I78: =SUM(I79:I81) -> 0 | J78: =SUM(J79:J81) -> 0 | K78: =SUM(K79:K81) -> 0 | L78: =SUM(L79:L81) -> 0 | M78: =SUM(M79:M81) -> 0 | ... Q78: =SUM(Q79:Q81) -> 0
A79: =A77 -> STEM | B79: =B77 -> SPS1 | C79: =C77 -> CH | D79: Electricity generation|Oil|Synthetic liquids|Peak devices | E79: =E76 -> PJ/yr. | F79: 0 | G79: 0 | H79: 0 | I79: 0 | J79: 0 | K79: 0 | L79: 0 | M79: 0 | N79: 0 | O79: 0 | P79: 0 | Q79: 0
A80: =A79 -> STEM | B80: =B79 -> SPS1 | C80: =C79 -> CH | D80: Electricity generation|Oil|Synthetic liquids|CHP Oil (for District Heating) | E80: =E137 -> PJ/yr. | F80: 0 | G80: 0 | H80: 0 | I80: 0 | J80: 0 | K80: 0 | L80: 0 | M80: 0 | N80: 0 | O80: 0 | P80: 0 | Q80: 0
A81: =A80 -> STEM | B81: =B80 -> SPS1 | C81: =C80 -> CH | D81: Electricity generation|Oil|Synthetic liquids|Industrial CHPs oil | E81: =E92 -> PJ/yr. | F81: 0 | G81: 0 | H81: 0 | I81: 0 | J81: 0 | K81: 0 | L81: 0 | M81: 0 | N81: 0 | O81: 0 | P81: 0 | Q81: 0
A82: =A81 -> STEM | B82: =B81 -> SPS1 | C82: =C81 -> CH | D82: Electricity generation|Gas | E82: =E131 -> PJ/yr. | F82: =SUM(F83:F97) -> 3.2313887 | G82: =SUM(G83:G97) -> 1.8477293 | H82: =SUM(H83:H97) -> 1.8014506 | I82: =SUM(I83:I97) -> 5.3339282 | J82: =SUM(J83:J97) -> 6.7736881 | K82: =SUM(K83:K97) -> 7.3426282 | L82: =SUM(L83:L97) -> 10.36086 | M82: =SUM(M83:M97) -> 10.691947 | ... Q82: =SUM(Q83:Q97) -> 16.25511
A83: =A82 -> STEM | B83: =B82 -> SPS1 | C83: =C82 -> CH | D83: Electricity generation|Gas|Gas turbines combined cycle | E83: =E132 -> PJ/yr. | F83: ='[1]Electricity and CHPs'!B21 -> 0 | G83: ='[1]Electricity and CHPs'!C21 -> 0 | H83: ='[1]Electricity and CHPs'!D21 -> 0 | I83: ='[1]Electricity and CHPs'!E21 -> 0 | J83: ='[1]Electricity and CHPs'!F21 -> 0 | K83: ='[1]Electricity and CHPs'!G21 -> 0.031921204 | L83: ='[1]Electricity and CHPs'!H21 -> 1.8588061 | M83: ='[1]Electricity and CHPs'!I21 -> 3.0325239 | ... Q83: ='[1]Electricity and CHPs'!M21 -> 11.319206
A84: =A83 -> STEM | B84: =B83 -> SPS1 | C84: =C83 -> CH | D84: Electricity generation|Gas|Gas turbines open cycle | E84: =E83 -> PJ/yr. | F84: ='[1]Electricity and CHPs'!B22 -> 0 | G84: ='[1]Electricity and CHPs'!C22 -> 0 | H84: ='[1]Electricity and CHPs'!D22 -> 0 | I84: ='[1]Electricity and CHPs'!E22 -> 0 | J84: ='[1]Electricity and CHPs'!F22 -> 0.0072876644 | K84: ='[1]Electricity and CHPs'!G22 -> 0.063367679 | L84: ='[1]Electricity and CHPs'!H22 -> 0.54065023 | M84: ='[1]Electricity and CHPs'!I22 -> 0.37247514 | ... Q84: ='[1]Electricity and CHPs'!M22 -> 0.13872296
A85: =A84 -> STEM | B85: =B84 -> SPS1 | C85: =C84 -> CH | D85: Electricity generation|Gas|Gas turbines combined cycle CCS | E85: =E84 -> PJ/yr. | F85: ='[1]Electricity and CHPs'!B23 -> 0 | G85: ='[1]Electricity and CHPs'!C23 -> 0 | H85: ='[1]Electricity and CHPs'!D23 -> 0 | I85: ='[1]Electricity and CHPs'!E23 -> 0 | J85: ='[1]Electricity and CHPs'!F23 -> 0 | K85: ='[1]Electricity and CHPs'!G23 -> 0 | L85: ='[1]Electricity and CHPs'!H23 -> 0 | M85: ='[1]Electricity and CHPs'!I23 -> 0 | ... Q85: ='[1]Electricity and CHPs'!M23 -> 0
A86: =A85 -> STEM | B86: =B85 -> SPS1 | C86: =C85 -> CH | D86: Electricity generation|Gas|CHP Gas (for District Heating) | E86: =E85 -> PJ/yr. | F86: ='[1]Electricity and CHPs'!B24 -> 0.96588084 | G86: ='[1]Electricity and CHPs'!C24 -> 0.00013134004 | H86: ='[1]Electricity and CHPs'!D24 -> 0.0067795142 | I86: ='[1]Electricity and CHPs'!E24 -> 0.56975807 | J86: ='[1]Electricity and CHPs'!F24 -> 0.39173056 | K86: ='[1]Electricity and CHPs'!G24 -> 0.91071022 | L86: ='[1]Electricity and CHPs'!H24 -> 1.0432862 | M86: ='[1]Electricity and CHPs'!I24 -> 0.78912327 | ... Q86: ='[1]Electricity and CHPs'!M24 -> 0.010676452
A87: =A86 -> STEM | B87: =B86 -> SPS1 | C87: =C86 -> CH | D87: Electricity generation|Gas|CHP Fuel Cell Gas (for District Heating) | E87: =E76 -> PJ/yr. | F87: ='[1]Electricity and CHPs'!B29 -> 0 | G87: ='[1]Electricity and CHPs'!C29 -> 0 | H87: ='[1]Electricity and CHPs'!D29 -> 0 | I87: ='[1]Electricity and CHPs'!E29 -> 0 | J87: ='[1]Electricity and CHPs'!F29 -> 0 | K87: ='[1]Electricity and CHPs'!G29 -> 0.46619778 | L87: ='[1]Electricity and CHPs'!H29 -> 1.2043327 | M87: ='[1]Electricity and CHPs'!I29 -> 1.9212199 | ... Q87: ='[1]Electricity and CHPs'!M29 -> 0.030951811
A88: =A87 -> STEM | B88: =B87 -> SPS1 | C88: =C87 -> CH | D88: Electricity generation|Gas|Industrial CHPs gas | E88: =E166 -> PJ/yr. | F88: ='[1]Electricity and CHPs'!B39 -> 0.66996194 | G88: ='[1]Electricity and CHPs'!C39 -> 0.090379478 | H88: ='[1]Electricity and CHPs'!D39 -> 0.057505735 | I88: ='[1]Electricity and CHPs'!E39 -> 0.78300501 | J88: ='[1]Electricity and CHPs'!F39 -> 0.64423589 | K88: ='[1]Electricity and CHPs'!G39 -> 0.15558794 | L88: ='[1]Electricity and CHPs'!H39 -> 0.11710179 | M88: ='[1]Electricity and CHPs'!I39 -> 0.052900838 | ... Q88: ='[1]Electricity and CHPs'!M39 -> 0.020927913
A89: =A88 -> STEM | B89: =B88 -> SPS1 | C89: =C88 -> CH | D89: Electricity generation|Gas|Industrial CHPs gas (CCS) | E89: =E88 -> PJ/yr. | F89: ='[1]Electricity and CHPs'!B40 -> 0 | G89: ='[1]Electricity and CHPs'!C40 -> 0 | H89: ='[1]Electricity and CHPs'!D40 -> 0 | I89: ='[1]Electricity and CHPs'!E40 -> 0 | J89: ='[1]Electricity and CHPs'!F40 -> 0 | K89: ='[1]Electricity and CHPs'!G40 -> 0 | L89: ='[1]Electricity and CHPs'!H40 -> 0 | M89: ='[1]Electricity and CHPs'!I40 -> 0 | ... Q89: ='[1]Electricity and CHPs'!M40 -> 0
A90: =A89 -> STEM | B90: =B89 -> SPS1 | C90: =C89 -> CH | D90: Electricity generation|Gas|Industrial CHPs fuel cells (gas reformer) | E90: =E171 -> PJ/yr. | F90: ='[1]Electricity and CHPs'!B47 -> 0 | G90: ='[1]Electricity and CHPs'!C47 -> 0 | H90: ='[1]Electricity and CHPs'!D47 -> 0 | I90: ='[1]Electricity and CHPs'!E47 -> 0.0011541974 | J90: ='[1]Electricity and CHPs'!F47 -> 0.0016488023 | K90: ='[1]Electricity and CHPs'!G47 -> 0.0027166072 | L90: ='[1]Electricity and CHPs'!H47 -> 0.0039696861 | M90: ='[1]Electricity and CHPs'!I47 -> 0.0066106505 | ... Q90: ='[1]Electricity and CHPs'!M47 -> 0.013174831
A91: =A90 -> STEM | B91: =B90 -> SPS1 | C91: =C90 -> CH | D91: Electricity generation|Gas|Residential single family CHPs gas | E91: =E90 -> PJ/yr. | F91: ='[1]Electricity and CHPs'!B48 -> 0.014021553 | G91: ='[1]Electricity and CHPs'!C48 -> 0.0025060783 | H91: ='[1]Electricity and CHPs'!D48 -> 0.0083502407 | I91: ='[1]Electricity and CHPs'!E48 -> 0.0080292362 | J91: ='[1]Electricity and CHPs'!F48 -> 0.011049601 | K91: ='[1]Electricity and CHPs'!G48 -> 0.010863012 | L91: ='[1]Electricity and CHPs'!H48 -> 0.015858515 | M91: ='[1]Electricity and CHPs'!I48 -> 0.016981286 | ... Q91: ='[1]Electricity and CHPs'!M48 -> 0.11471838
A92: =A91 -> STEM | B92: =B91 -> SPS1 | C92: =C91 -> CH | D92: Electricity generation|Gas|Residential single family CHPs fuel cells gas | E92: =E91 -> PJ/yr. | F92: ='[1]Electricity and CHPs'!B49 -> 0 | G92: ='[1]Electricity and CHPs'!C49 -> 0 | H92: ='[1]Electricity and CHPs'!D49 -> 0 | I92: ='[1]Electricity and CHPs'!E49 -> 0.0001980847 | J92: ='[1]Electricity and CHPs'!F49 -> 0.00073003104 | K92: ='[1]Electricity and CHPs'!G49 -> 0.00073913653 | L92: ='[1]Electricity and CHPs'!H49 -> 0.00078860155 | M92: ='[1]Electricity and CHPs'!I49 -> 0.0018731206 | ... Q92: ='[1]Electricity and CHPs'!M49 -> 0.0043660283
A93: =A92 -> STEM | B93: =B92 -> SPS1 | C93: =C92 -> CH | D93: Electricity generation|Gas|Residential multi family CHPs gas | E93: =E156 -> PJ/yr. | F93: ='[1]Electricity and CHPs'!B51 -> 0.027759358 | G93: ='[1]Electricity and CHPs'!C51 -> 0.022844934 | H93: ='[1]Electricity and CHPs'!D51 -> 0.097007813 | I93: ='[1]Electricity and CHPs'!E51 -> 0.62888906 | J93: ='[1]Electricity and CHPs'!F51 -> 0.65064431 | K93: ='[1]Electricity and CHPs'!G51 -> 0.74022343 | L93: ='[1]Electricity and CHPs'!H51 -> 0.6663055 | M93: ='[1]Electricity and CHPs'!I51 -> 0.71139247 | ... Q93: ='[1]Electricity and CHPs'!M51 -> 0.54803624
A94: =A93 -> STEM | B94: =B93 -> SPS1 | C94: =C93 -> CH | D94: Electricity generation|Gas|Residential multi family CHPs fuel cells gas | E94: =E93 -> PJ/yr. | F94: ='[1]Electricity and CHPs'!B52 -> 0 | G94: ='[1]Electricity and CHPs'!C52 -> 0 | H94: ='[1]Electricity and CHPs'!D52 -> 0 | I94: ='[1]Electricity and CHPs'!E52 -> 0.00088546133 | J94: ='[1]Electricity and CHPs'!F52 -> 0.0035613827 | K94: ='[1]Electricity and CHPs'!G52 -> 0.0036487283 | L94: ='[1]Electricity and CHPs'!H52 -> 0.0042377886 | M94: ='[1]Electricity and CHPs'!I52 -> 0.010950638 | ... Q94: ='[1]Electricity and CHPs'!M52 -> 0.033852308
A95: =A94 -> STEM | B95: =B94 -> SPS1 | C95: =C94 -> CH | D95: Electricity generation|Gas|Services sectors CHPs (bio)gas | E95: =E157 -> PJ/yr. | F95: ='[1]Electricity and CHPs'!B54 -> 0.95936646 | G95: ='[1]Electricity and CHPs'!C54 -> 1.1059914 | H95: ='[1]Electricity and CHPs'!D54 -> 1.1059889 | I95: ='[1]Electricity and CHPs'!E54 -> 1.1059888 | J95: ='[1]Electricity and CHPs'!F54 -> 1.1059889 | K95: ='[1]Electricity and CHPs'!G54 -> 1.1059895 | L95: ='[1]Electricity and CHPs'!H54 -> 1.1059911 | M95: ='[1]Electricity and CHPs'!I54 -> 1.1059945 | ... Q95: ='[1]Electricity and CHPs'!M54 -> 1.160468
A96: =A95 -> STEM | B96: =B95 -> SPS1 | C96: =C95 -> CH | D96: Electricity generation|Gas|Services sectors CHPs gas | E96: =E95 -> PJ/yr. | F96: ='[1]Electricity and CHPs'!B55 -> 0.59439854 | G96: ='[1]Electricity and CHPs'!C55 -> 0.62587604 | H96: ='[1]Electricity and CHPs'!D55 -> 0.52581833 | I96: ='[1]Electricity and CHPs'!E55 -> 2.2348313 | J96: ='[1]Electricity and CHPs'!F55 -> 3.9530208 | K96: ='[1]Electricity and CHPs'!G55 -> 3.8469862 | L96: ='[1]Electricity and CHPs'!H55 -> 3.7967298 | M96: ='[1]Electricity and CHPs'!I55 -> 2.6636806 | ... Q96: ='[1]Electricity and CHPs'!M55 -> 2.8340241
A97: =A96 -> STEM | B97: =B96 -> SPS1 | C97: =C96 -> CH | D97: Electricity generation|Gas|Services sectors CHPs fuel cells (gas reformer) | E97: =E172 -> PJ/yr. | F97: ='[1]Electricity and CHPs'!B58 -> 0 | G97: ='[1]Electricity and CHPs'!C58 -> 0 | H97: ='[1]Electricity and CHPs'!D58 -> 0 | I97: ='[1]Electricity and CHPs'!E58 -> 0.0011890464 | J97: ='[1]Electricity and CHPs'!F58 -> 0.0037900643 | K97: ='[1]Electricity and CHPs'!G58 -> 0.0036767759 | L97: ='[1]Electricity and CHPs'!H58 -> 0.0028023904 | M97: ='[1]Electricity and CHPs'!I58 -> 0.0062211087 | ... Q97: ='[1]Electricity and CHPs'!M58 -> 0.025985339
A98: =A97 -> STEM | B98: =B97 -> SPS1 | C98: =C97 -> CH | D98: Electricity generation|Gas|Fossil gases | E98: =E173 -> PJ/yr. | F98: =F82-F114 -> 2.2129656 | G98: =G82-G114 -> 0.70847999 | H98: =H82-H114 -> 0.63076209 | I98: =I82-I114 -> 4.0446562 | J98: =J82-J114 -> 5.4809979 | K98: =K82-K114 -> 6.0941135 | L98: =L82-L114 -> 9.0899168 | M98: =M82-M114 -> 9.4200786 | ... Q98: =Q82-Q114 -> 14.876578
A99: =A98 -> STEM | B99: =B98 -> SPS1 | C99: =C98 -> CH | D99: Electricity generation|Gas|Fossil gases|Gas turbines combined cycle | E99: =E174 -> PJ/yr. | F99: =F83-F115 -> 0 | G99: =G83-G115 -> 0 | H99: =H83-H115 -> 0 | I99: =I83-I115 -> 0 | J99: =J83-J115 -> 0 | K99: =K83-K115 -> 0.031191712 | L99: =L83-L115 -> 1.825676 | M99: =M83-M115 -> 2.9800494 | ... Q99: =Q83-Q115 -> 11.155683
A100: =A99 -> STEM | B100: =B99 -> SPS1 | C100: =C99 -> CH | D100: Electricity generation|Gas|Fossil gases|Gas turbines open cycle | E100: =E175 -> PJ/yr. | F100: =F84-F116 -> 0 | G100: =G84-G116 -> 0 | H100: =H84-H116 -> 0 | I100: =I84-I116 -> 0 | J100: =J84-J116 -> 0.0070475994 | K100: =K84-K116 -> 0.061919544 | L100: =L84-L116 -> 0.53101405 | M100: =M84-M116 -> 0.36602988 | ... Q100: =Q84-Q116 -> 0.1367189
...

Sheet check
C2: 2020 | D2: 2022 | E2: 2025 | F2: 2030 | G2: 2040 | H2: 2050
B3: Final energy consumption | C3: =SUM(C4:C7) -> 695.76536 | D3: =SUM(D4:D7) -> 686.39324 | E3: =SUM(E4:E7) -> 683.5804 | F3: =SUM(F4:F7) -> 647.53002 | G3: =SUM(G4:G7) -> 618.76501 | H3: =SUM(H4:H7) -> 607.72862
B4: Industry | C4: ='SPS1'!F763 -> 142.21735 | D4: ='SPS1'!G763 -> 141.10818 | E4: ='SPS1'!H763 -> 142.87343 | F4: ='SPS1'!I763 -> 144.14519 | G4: ='SPS1'!J763 -> 145.42241 | H4: ='SPS1'!K763 -> 146.31463
B5: Services | C5: ='SPS1'!F882 -> 140.10106 | D5: ='SPS1'!G882 -> 139.65428 | E5: ='SPS1'!H882 -> 141.57543 | F5: ='SPS1'!I882 -> 139.75812 | G5: ='SPS1'!J882 -> 135.81273 | H5: ='SPS1'!K882 -> 132.4696
B6: Residential | C6: ='SPS1'!F972 -> 217.24196 | D6: ='SPS1'!G972 -> 218.17129 | E6: ='SPS1'!H972 -> 216.09504 | F6: ='SPS1'!I972 -> 215.31315 | G6: ='SPS1'!J972 -> 213.96437 | H6: ='SPS1'!K972 -> 210.85662
B7: Transport | C7: ='SPS1'!F1136+'SPS1'!F1315+'SPS1'!F1399+'SPS1'!F1483+'SPS1'!F1490+'SPS1'!F1497+'SPS1'!F1546+'SPS1'!F1593+'SPS1'!F1640 -> 196.20499 | D7: ='SPS1'!G1136+'SPS1'!G1315+'SPS1'!G1399+'SPS1'!G1483+'SPS1'!G1490+'SPS1'!G1497+'SPS1'!G1546+'SPS1'!G1593+'SPS1'!G1640 -> 187.45949 | E7: ='SPS1'!H1136+'SPS1'!H1315+'SPS1'!H1399+'SPS1'!H1483+'SPS1'!H1490+'SPS1'!H1497+'SPS1'!H1546+'SPS1'!H1593+'SPS1'!H1640 -> 183.0365 | F7: ='SPS1'!I1136+'SPS1'!I1315+'SPS1'!I1399+'SPS1'!I1483+'SPS1'!I1490+'SPS1'!I1497+'SPS1'!I1546+'SPS1'!I1593+'SPS1'!I1640 -> 148.31357 | G7: ='SPS1'!J1136+'SPS1'!J1315+'SPS1'!J1399+'SPS1'!J1483+'SPS1'!J1490+'SPS1'!J1497+'SPS1'!J1546+'SPS1'!J1593+'SPS1'!J1640 -> 123.56551 | H7: ='SPS1'!K1136+'SPS1'!K1315+'SPS1'!K1399+'SPS1'!K1483+'SPS1'!K1490+'SPS1'!K1497+'SPS1'!K1546+'SPS1'!K1593+'SPS1'!K1640 -> 118.08777
B8: Fuel input to energy conversion and DAC | C8: =SUM(C9:C12) -> 509.38509 | D8: =SUM(D9:D12) -> 501.00729 | E8: =SUM(E9:E12) -> 507.89382 | F8: =SUM(F9:F12) -> 544.00849 | G8: =SUM(G9:G12) -> 504.9434 | H8: =SUM(H9:H12) -> 436.7548
B9: Electricity and heat | C9: ='SPS1'!F291+'SPS1'!F409 -> 493.40859 | D9: ='SPS1'!G291+'SPS1'!G409 -> 476.69799 | E9: ='SPS1'!H291+'SPS1'!H409 -> 483.9518 | F9: ='SPS1'!I291+'SPS1'!I409 -> 521.58141 | G9: ='SPS1'!J291+'SPS1'!J409 -> 482.52178 | H9: ='SPS1'!K291+'SPS1'!K409 -> 414.59929
B10: Biofuel production | C10: ='SPS1'!F590+'SPS1'!F604+'SPS1'!F644 -> 15.971634 | D10: ='SPS1'!G590+'SPS1'!G604+'SPS1'!G644 -> 24.30298 | E10: ='SPS1'!H590+'SPS1'!H604+'SPS1'!H644 -> 23.935789 | F10: ='SPS1'!I590+'SPS1'!I604+'SPS1'!I644 -> 22.419403 | G10: ='SPS1'!J590+'SPS1'!J604+'SPS1'!J644 -> 22.398518 | H10: ='SPS1'!K590+'SPS1'!K604+'SPS1'!K644 -> 22.123444
B11: Hydrogen production | C11: ='SPS1'!F679 -> 0.0048643861 | D11: ='SPS1'!G679 -> 0.0063181158 | E11: ='SPS1'!H679 -> 0.0062251234 | F11: ='SPS1'!I679 -> 0.0076816396 | G11: ='SPS1'!J679 -> 0.02309369 | H11: ='SPS1'!K679 -> 0.032059063
B12: DAC | C12: ='SPS1'!F1707 -> 0 | D12: ='SPS1'!G1707 -> 0 | E12: ='SPS1'!H1707 -> 0 | F12: ='SPS1'!I1707 -> 0 | G12: ='SPS1'!J1707 -> 0 | H12: ='SPS1'!K1707 -> 0
B13: Total Primary energy consumption | C13: ='SPS1'!F2+'SPS1'!F20-'SPS1'!F57 -> 962.36773 | D13: ='SPS1'!G2+'SPS1'!G20-'SPS1'!G57 -> 962.32714 | E13: ='SPS1'!H2+'SPS1'!H20-'SPS1'!H57 -> 924.48863 | F13: ='SPS1'!I2+'SPS1'!I20-'SPS1'!I57 -> 897.69606 | G13: ='SPS1'!J2+'SPS1'!J20-'SPS1'!J57 -> 835.10741 | H13: ='SPS1'!K2+'SPS1'!K20-'SPS1'!K57 -> 775.47743
B14: Domestic production | C14: ='SPS1'!F2 -> 299.98379 | D14: ='SPS1'!G2 -> 295.49195 | E14: ='SPS1'!H2 -> 331.44694 | F14: ='SPS1'!I2 -> 365.47345 | G14: ='SPS1'!J2 -> 376.67392 | H14: ='SPS1'!K2 -> 382.65095
B15: Imports | C15: ='SPS1'!F20 -> 779.55394 | D15: ='SPS1'!G20 -> 702.62669 | E15: ='SPS1'!H20 -> 657.4738 | F15: ='SPS1'!I20 -> 613.5139 | G15: ='SPS1'!J20 -> 523.94075 | H15: ='SPS1'!K20 -> 436.22267
B16: Exports | C16: ='SPS1'!F57 -> 117.17 | D16: ='SPS1'!G57 -> 35.79151 | E16: ='SPS1'!H57 -> 64.432103 | F16: ='SPS1'!I57 -> 81.291294 | G16: ='SPS1'!J57 -> 65.507257 | H16: ='SPS1'!K57 -> 43.396189
